ticker,year,sector,report_date,available_from,market_cap,pe,pb,roe,debt_equity,netdebt_ebitda,dividend_yield,free_float,source_main_url,source_metric_urls,data_quality_note
SBER,2019,Банки/финансы,2019-12-31,2020-07-01,5728.0,6.78,1.28,22.2,,,7.3,48.0,https://smart-lab.ru/q/SBER/f/y/MSFO/,https://smart-lab.ru/q/shares_fundamental4/?field=market_cap; https://smart-lab.ru/q/shares_fundamental4/?field=p_e; https://smart-lab.ru/q/shares_fundamental4/?field=p_bv ; banks: https://smart-lab.ru/q/shares_fundamental4/?field=p_b; https://smart-lab.ru/q/shares_fundamental4/?field=roe; https://smart-lab.ru/q/shares_fundamental4/?field=debt_ebitda; https://smart-lab.ru/q/shares_fundamental4/?field=div_yield; https://smart-lab.ru/q/shares_fundamental4/?field=free_float,Annual financial/fundamental metrics; debt_equity left blank because cross-company definition was not consistently available in the selected source pages.; uploaded_2019_2022_dataset; available_from_conservative_july1_next_year; no_forward_fill_added
SBER,2020,Банки/финансы,2020-12-31,2021-07-01,6091.0,8.0,1.21,16.1,,,6.9,48.0,https://smart-lab.ru/q/SBER/f/y/MSFO/,https://smart-lab.ru/q/shares_fundamental4/?field=market_cap; https://smart-lab.ru/q/shares_fundamental4/?field=p_e; https://smart-lab.ru/q/shares_fundamental4/?field=p_bv ; banks: https://smart-lab.ru/q/shares_fundamental4/?field=p_b; https://smart-lab.ru/q/shares_fundamental4/?field=roe; https://smart-lab.ru/q/shares_fundamental4/?field=debt_ebitda; https://smart-lab.ru/q/shares_fundamental4/?field=div_yield; https://smart-lab.ru/q/shares_fundamental4/?field=free_float,Annual financial/fundamental metrics; debt_equity left blank because cross-company definition was not consistently available in the selected source pages.; uploaded_2019_2022_dataset; available_from_conservative_july1_next_year; no_forward_fill_added
SBER,2021,Банки/финансы,2021-12-31,2022-07-01,6606.0,5.28,1.17,24.2,,,0.0,48.0,https://smart-lab.ru/q/SBER/f/y/MSFO/,https://smart-lab.ru/q/shares_fundamental4/?field=market_cap; https://smart-lab.ru/q/shares_fundamental4/?field=p_e; https://smart-lab.ru/q/shares_fundamental4/?field=p_bv ; banks: https://smart-lab.ru/q/shares_fundamental4/?field=p_b; https://smart-lab.ru/q/shares_fundamental4/?field=roe; https://smart-lab.ru/q/shares_fundamental4/?field=debt_ebitda; https://smart-lab.ru/q/shares_fundamental4/?field=div_yield; https://smart-lab.ru/q/shares_fundamental4/?field=free_float,Annual financial/fundamental metrics; debt_equity left blank because cross-company definition was not consistently available in the selected source pages.; uploaded_2019_2022_dataset; available_from_conservative_july1_next_year; no_forward_fill_added
SBER,2022,Банки/финансы,2022-12-31,2023-07-01,3189.0,11.8,0.55,5.2,,,17.7,48.0,https://smart-lab.ru/q/SBER/f/y/MSFO/,https://smart-lab.ru/q/shares_fundamental4/?field=market_cap; https://smart-lab.ru/q/shares_fundamental4/?field=p_e; https://smart-lab.ru/q/shares_fundamental4/?field=p_bv ; banks: https://smart-lab.ru/q/shares_fundamental4/?field=p_b; https://smart-lab.ru/q/shares_fundamental4/?field=roe; https://smart-lab.ru/q/shares_fundamental4/?field=debt_ebitda; https://smart-lab.ru/q/shares_fundamental4/?field=div_yield; https://smart-lab.ru/q/shares_fundamental4/?field=free_float,Annual financial/fundamental metrics; debt_equity left blank because cross-company definition was not consistently available in the selected source pages.; uploaded_2019_2022_dataset; available_from_conservative_july1_next_year; no_forward_fill_added
SBER,2023,Банки/финансы,2023-12-31,2024-02-28,6132.0,4.06,0.93,25.3,,,12.3,48.0,https://smart-lab.ru/q/SBER/f/y/MSFO/,market_cap=https://smart-lab.ru/q/shares_fundamental4/?field=market_cap; pe=https://smart-lab.ru/q/shares_fundamental4/?field=p_e; pb=https://smart-lab.ru/q/shares_fundamental4/?field=p_bv ; banks: https://smart-lab.ru/q/shares_fundamental4/?field=p_b; roe=https://smart-lab.ru/q/shares_fundamental4/?field=roe; netdebt_ebitda=https://smart-lab.ru/q/shares_fundamental4/?field=debt_ebitda; dividend_yield=https://smart-lab.ru/q/shares_fundamental4/?field=div_yield; free_float=https://smart-lab.ru/q/shares_fundamental4/?field=free_float; annual_msfo_table=https://smart-lab.ru/q/SBER/f/y/MSFO/; official_ir_site=https://www.sberbank.com,verified_2026-05-27_from_smartlab_annual_msfo_financial_table; actual_report_publication_date_used_as_available_from; blanks_mean_metric_absent_or_ambiguous_not_imputed; bank_metrics_no_netdebt_ebitda
SBER,2024,Банки/финансы,2024-12-31,2025-02-27,6305.0,3.99,0.88,24.0,,,12.5,48.0,https://smart-lab.ru/q/SBER/f/y/MSFO/,market_cap=https://smart-lab.ru/q/shares_fundamental4/?field=market_cap; pe=https://smart-lab.ru/q/shares_fundamental4/?field=p_e; pb=https://smart-lab.ru/q/shares_fundamental4/?field=p_bv ; banks: https://smart-lab.ru/q/shares_fundamental4/?field=p_b; roe=https://smart-lab.ru/q/shares_fundamental4/?field=roe; netdebt_ebitda=https://smart-lab.ru/q/shares_fundamental4/?field=debt_ebitda; dividend_yield=https://smart-lab.ru/q/shares_fundamental4/?field=div_yield; free_float=https://smart-lab.ru/q/shares_fundamental4/?field=free_float; annual_msfo_table=https://smart-lab.ru/q/SBER/f/y/MSFO/; official_ir_site=https://www.sberbank.com,verified_2026-05-27_from_smartlab_annual_msfo_financial_table; actual_report_publication_date_used_as_available_from; blanks_mean_metric_absent_or_ambiguous_not_imputed; bank_metrics_no_netdebt_ebitda
VTBR,2019,Банки/финансы,2019-12-31,2020-07-01,1754.0,8.68,1.06,12.8,,,0.0,50.0,https://smart-lab.ru/q/VTBR/f/y/MSFO/,https://smart-lab.ru/q/shares_fundamental4/?field=market_cap; https://smart-lab.ru/q/shares_fundamental4/?field=p_e; https://smart-lab.ru/q/shares_fundamental4/?field=p_bv ; banks: https://smart-lab.ru/q/shares_fundamental4/?field=p_b; https://smart-lab.ru/q/shares_fundamental4/?field=roe; https://smart-lab.ru/q/shares_fundamental4/?field=debt_ebitda; https://smart-lab.ru/q/shares_fundamental4/?field=div_yield; https://smart-lab.ru/q/shares_fundamental4/?field=free_float,Annual financial/fundamental metrics; debt_equity left blank because cross-company definition was not consistently available in the selected source pages.; uploaded_2019_2022_dataset; available_from_conservative_july1_next_year; no_forward_fill_added
VTBR,2020,Банки/финансы,2020-12-31,2021-07-01,1534.0,19.0,0.89,4.4,,,0.0,50.0,https://smart-lab.ru/q/VTBR/f/y/MSFO/,https://smart-lab.ru/q/shares_fundamental4/?field=market_cap; https://smart-lab.ru/q/shares_fundamental4/?field=p_e; https://smart-lab.ru/q/shares_fundamental4/?field=p_bv ; banks: https://smart-lab.ru/q/shares_fundamental4/?field=p_b; https://smart-lab.ru/q/shares_fundamental4/?field=roe; https://smart-lab.ru/q/shares_fundamental4/?field=debt_ebitda; https://smart-lab.ru/q/shares_fundamental4/?field=div_yield; https://smart-lab.ru/q/shares_fundamental4/?field=free_float,Annual financial/fundamental metrics; debt_equity left blank because cross-company definition was not consistently available in the selected source pages.; uploaded_2019_2022_dataset; available_from_conservative_july1_next_year; no_forward_fill_added
VTBR,2021,Банки/финансы,2021-12-31,2022-07-01,1816.0,5.58,0.83,16.5,,,32.1,50.0,https://smart-lab.ru/q/VTBR/f/y/MSFO/,https://smart-lab.ru/q/shares_fundamental4/?field=market_cap; https://smart-lab.ru/q/shares_fundamental4/?field=p_e; https://smart-lab.ru/q/shares_fundamental4/?field=p_bv ; banks: https://smart-lab.ru/q/shares_fundamental4/?field=p_b; https://smart-lab.ru/q/shares_fundamental4/?field=roe; https://smart-lab.ru/q/shares_fundamental4/?field=debt_ebitda; https://smart-lab.ru/q/shares_fundamental4/?field=div_yield; https://smart-lab.ru/q/shares_fundamental4/?field=free_float,Annual financial/fundamental metrics; debt_equity left blank because cross-company definition was not consistently available in the selected source pages.; uploaded_2019_2022_dataset; available_from_conservative_july1_next_year; no_forward_fill_added
VTBR,2022,Банки/финансы,2022-12-31,2023-07-01,967.4,-1.45,0.65,22.3,,,0.0,50.0,https://smart-lab.ru/q/VTBR/f/y/MSFO/,https://smart-lab.ru/q/shares_fundamental4/?field=market_cap; https://smart-lab.ru/q/shares_fundamental4/?field=p_e; https://smart-lab.ru/q/shares_fundamental4/?field=p_bv ; banks: https://smart-lab.ru/q/shares_fundamental4/?field=p_b; https://smart-lab.ru/q/shares_fundamental4/?field=roe; https://smart-lab.ru/q/shares_fundamental4/?field=debt_ebitda; https://smart-lab.ru/q/shares_fundamental4/?field=div_yield; https://smart-lab.ru/q/shares_fundamental4/?field=free_float,Annual financial/fundamental metrics; debt_equity left blank because cross-company definition was not consistently available in the selected source pages.; uploaded_2019_2022_dataset; available_from_conservative_july1_next_year; no_forward_fill_added
VTBR,2023,Банки/финансы,2023-12-31,2024-02-20,1132.0,2.62,0.54,22.9,,,0.0,50.0,https://smart-lab.ru/q/VTBR/f/y/MSFO/,market_cap=https://smart-lab.ru/q/shares_fundamental4/?field=market_cap; pe=https://smart-lab.ru/q/shares_fundamental4/?field=p_e; pb=https://smart-lab.ru/q/shares_fundamental4/?field=p_bv ; banks: https://smart-lab.ru/q/shares_fundamental4/?field=p_b; roe=https://smart-lab.ru/q/shares_fundamental4/?field=roe; netdebt_ebitda=https://smart-lab.ru/q/shares_fundamental4/?field=debt_ebitda; dividend_yield=https://smart-lab.ru/q/shares_fundamental4/?field=div_yield; free_float=https://smart-lab.ru/q/shares_fundamental4/?field=free_float; annual_msfo_table=https://smart-lab.ru/q/VTBR/f/y/MSFO/; official_ir_site=https://www.vtb.ru,verified_2026-05-27_from_smartlab_annual_msfo_financial_table; actual_report_publication_date_used_as_available_from; blanks_mean_metric_absent_or_ambiguous_not_imputed; bank_metrics_no_netdebt_ebitda; free_float_as_reported_latest_prior_specific_cell
VTBR,2024,Банки/финансы,2024-12-31,2025-02-25,949.3,1.77,0.35,18.3,,,32.1,50.0,https://smart-lab.ru/q/VTBR/f/y/MSFO/,market_cap=https://smart-lab.ru/q/shares_fundamental4/?field=market_cap; pe=https://smart-lab.ru/q/shares_fundamental4/?field=p_e; pb=https://smart-lab.ru/q/shares_fundamental4/?field=p_bv ; banks: https://smart-lab.ru/q/shares_fundamental4/?field=p_b; roe=https://smart-lab.ru/q/shares_fundamental4/?field=roe; netdebt_ebitda=https://smart-lab.ru/q/shares_fundamental4/?field=debt_ebitda; dividend_yield=https://smart-lab.ru/q/shares_fundamental4/?field=div_yield; free_float=https://smart-lab.ru/q/shares_fundamental4/?field=free_float; annual_msfo_table=https://smart-lab.ru/q/VTBR/f/y/MSFO/; official_ir_site=https://www.vtb.ru,verified_2026-05-27_from_smartlab_annual_msfo_financial_table; actual_report_publication_date_used_as_available_from; blanks_mean_metric_absent_or_ambiguous_not_imputed; bank_metrics_no_netdebt_ebitda; free_float_as_reported_latest_prior_specific_cell
MOEX,2019,Банки/финансы,2019-12-31,2020-07-01,245.3,11.1,2.48,16.8,,-3.24,7.4,65.0,https://smart-lab.ru/q/MOEX/f/y/MSFO/,https://smart-lab.ru/q/shares_fundamental4/?field=market_cap; https://smart-lab.ru/q/shares_fundamental4/?field=p_e; https://smart-lab.ru/q/shares_fundamental4/?field=p_bv ; banks: https://smart-lab.ru/q/shares_fundamental4/?field=p_b; https://smart-lab.ru/q/shares_fundamental4/?field=roe; https://smart-lab.ru/q/shares_fundamental4/?field=debt_ebitda; https://smart-lab.ru/q/shares_fundamental4/?field=div_yield; https://smart-lab.ru/q/shares_fundamental4/?field=free_float,Annual financial/fundamental metrics; debt_equity left blank because cross-company definition was not consistently available in the selected source pages.; uploaded_2019_2022_dataset; available_from_conservative_july1_next_year; no_forward_fill_added
MOEX,2020,Банки/финансы,2020-12-31,2021-07-01,362.5,14.4,3.41,18.1,,-2.95,5.9,65.0,https://smart-lab.ru/q/MOEX/f/y/MSFO/,https://smart-lab.ru/q/shares_fundamental4/?field=market_cap; https://smart-lab.ru/q/shares_fundamental4/?field=p_e; https://smart-lab.ru/q/shares_fundamental4/?field=p_bv ; banks: https://smart-lab.ru/q/shares_fundamental4/?field=p_b; https://smart-lab.ru/q/shares_fundamental4/?field=roe; https://smart-lab.ru/q/shares_fundamental4/?field=debt_ebitda; https://smart-lab.ru/q/shares_fundamental4/?field=div_yield; https://smart-lab.ru/q/shares_fundamental4/?field=free_float,Annual financial/fundamental metrics; debt_equity left blank because cross-company definition was not consistently available in the selected source pages.; uploaded_2019_2022_dataset; available_from_conservative_july1_next_year; no_forward_fill_added
MOEX,2021,Банки/финансы,2021-12-31,2022-07-01,348.5,12.6,3.29,19.7,,-2.38,5.1,65.0,https://smart-lab.ru/q/MOEX/f/y/MSFO/,https://smart-lab.ru/q/shares_fundamental4/?field=market_cap; https://smart-lab.ru/q/shares_fundamental4/?field=p_e; https://smart-lab.ru/q/shares_fundamental4/?field=p_bv ; banks: https://smart-lab.ru/q/shares_fundamental4/?field=p_b; https://smart-lab.ru/q/shares_fundamental4/?field=roe; https://smart-lab.ru/q/shares_fundamental4/?field=debt_ebitda; https://smart-lab.ru/q/shares_fundamental4/?field=div_yield; https://smart-lab.ru/q/shares_fundamental4/?field=free_float,Annual financial/fundamental metrics; debt_equity left blank because cross-company definition was not consistently available in the selected source pages.; uploaded_2019_2022_dataset; available_from_conservative_july1_next_year; no_forward_fill_added
MOEX,2022,Банки/финансы,2022-12-31,2023-07-01,216.1,5.95,1.51,20.5,,-2.16,9.2,65.0,https://smart-lab.ru/q/MOEX/f/y/MSFO/,https://smart-lab.ru/q/shares_fundamental4/?field=market_cap; https://smart-lab.ru/q/shares_fundamental4/?field=p_e; https://smart-lab.ru/q/shares_fundamental4/?field=p_bv ; banks: https://smart-lab.ru/q/shares_fundamental4/?field=p_b; https://smart-lab.ru/q/shares_fundamental4/?field=roe; https://smart-lab.ru/q/shares_fundamental4/?field=debt_ebitda; https://smart-lab.ru/q/shares_fundamental4/?field=div_yield; https://smart-lab.ru/q/shares_fundamental4/?field=free_float,Annual financial/fundamental metrics; debt_equity left blank because cross-company definition was not consistently available in the selected source pages.; uploaded_2019_2022_dataset; available_from_conservative_july1_next_year; no_forward_fill_added
MOEX,2023,Банки/финансы,2023-12-31,2024-02-26,430.5,7.22,2.26,26.7,,-1.69,9.2,65.0,https://smart-lab.ru/q/MOEX/f/y/MSFO/,market_cap=https://smart-lab.ru/q/shares_fundamental4/?field=market_cap; pe=https://smart-lab.ru/q/shares_fundamental4/?field=p_e; pb=https://smart-lab.ru/q/shares_fundamental4/?field=p_bv ; banks: https://smart-lab.ru/q/shares_fundamental4/?field=p_b; roe=https://smart-lab.ru/q/shares_fundamental4/?field=roe; netdebt_ebitda=https://smart-lab.ru/q/shares_fundamental4/?field=debt_ebitda; dividend_yield=https://smart-lab.ru/q/shares_fundamental4/?field=div_yield; free_float=https://smart-lab.ru/q/shares_fundamental4/?field=free_float; annual_msfo_table=https://smart-lab.ru/q/MOEX/f/y/MSFO/; official_ir_site=https://www.moex.com,verified_2026-05-27_from_smartlab_annual_msfo_financial_table; actual_report_publication_date_used_as_available_from; blanks_mean_metric_absent_or_ambiguous_not_imputed
MOEX,2024,Банки/финансы,2024-12-31,2025-03-06,451.9,5.64,2.07,30.6,,0.0,13.2,65.0,https://smart-lab.ru/q/MOEX/f/y/MSFO/,market_cap=https://smart-lab.ru/q/shares_fundamental4/?field=market_cap; pe=https://smart-lab.ru/q/shares_fundamental4/?field=p_e; pb=https://smart-lab.ru/q/shares_fundamental4/?field=p_bv ; banks: https://smart-lab.ru/q/shares_fundamental4/?field=p_b; roe=https://smart-lab.ru/q/shares_fundamental4/?field=roe; netdebt_ebitda=https://smart-lab.ru/q/shares_fundamental4/?field=debt_ebitda; dividend_yield=https://smart-lab.ru/q/shares_fundamental4/?field=div_yield; free_float=https://smart-lab.ru/q/shares_fundamental4/?field=free_float; annual_msfo_table=https://smart-lab.ru/q/MOEX/f/y/MSFO/; official_ir_site=https://www.moex.com,verified_2026-05-27_from_smartlab_annual_msfo_financial_table; actual_report_publication_date_used_as_available_from; blanks_mean_metric_absent_or_ambiguous_not_imputed
GAZP,2019,Нефть и газ,2019-12-31,2020-07-01,6070.0,5.05,0.43,8.5,,1.7,5.9,47.0,https://smart-lab.ru/q/GAZP/f/y/MSFO/,https://smart-lab.ru/q/shares_fundamental4/?field=market_cap; https://smart-lab.ru/q/shares_fundamental4/?field=p_e; https://smart-lab.ru/q/shares_fundamental4/?field=p_bv ; banks: https://smart-lab.ru/q/shares_fundamental4/?field=p_b; https://smart-lab.ru/q/shares_fundamental4/?field=roe; https://smart-lab.ru/q/shares_fundamental4/?field=debt_ebitda; https://smart-lab.ru/q/shares_fundamental4/?field=div_yield; https://smart-lab.ru/q/shares_fundamental4/?field=free_float,Annual financial/fundamental metrics; debt_equity left blank because cross-company definition was not consistently available in the selected source pages.; uploaded_2019_2022_dataset; available_from_conservative_july1_next_year; no_forward_fill_added
GAZP,2020,Нефть и газ,2020-12-31,2021-07-01,5034.0,37.3,0.36,0.9,,2.64,5.9,47.0,https://smart-lab.ru/q/GAZP/f/y/MSFO/,https://smart-lab.ru/q/shares_fundamental4/?field=market_cap; https://smart-lab.ru/q/shares_fundamental4/?field=p_e; https://smart-lab.ru/q/shares_fundamental4/?field=p_bv ; banks: https://smart-lab.ru/q/shares_fundamental4/?field=p_b; https://smart-lab.ru/q/shares_fundamental4/?field=roe; https://smart-lab.ru/q/shares_fundamental4/?field=debt_ebitda; https://smart-lab.ru/q/shares_fundamental4/?field=div_yield; https://smart-lab.ru/q/shares_fundamental4/?field=free_float,Annual financial/fundamental metrics; debt_equity left blank because cross-company definition was not consistently available in the selected source pages.; uploaded_2019_2022_dataset; available_from_conservative_july1_next_year; no_forward_fill_added
GAZP,2021,Нефть и газ,2021-12-31,2022-07-01,8120.0,3.88,0.5,12.9,,0.78,0.0,47.0,https://smart-lab.ru/q/GAZP/f/y/MSFO/,https://smart-lab.ru/q/shares_fundamental4/?field=market_cap; https://smart-lab.ru/q/shares_fundamental4/?field=p_e; https://smart-lab.ru/q/shares_fundamental4/?field=p_bv ; banks: https://smart-lab.ru/q/shares_fundamental4/?field=p_b; https://smart-lab.ru/q/shares_fundamental4/?field=roe; https://smart-lab.ru/q/shares_fundamental4/?field=debt_ebitda; https://smart-lab.ru/q/shares_fundamental4/?field=div_yield; https://smart-lab.ru/q/shares_fundamental4/?field=free_float,Annual financial/fundamental metrics; debt_equity left blank because cross-company definition was not consistently available in the selected source pages.; uploaded_2019_2022_dataset; available_from_conservative_july1_next_year; no_forward_fill_added
GAZP,2022,Нефть и газ,2022-12-31,2023-07-01,3853.0,3.14,0.25,7.8,,1.07,31.4,47.0,https://smart-lab.ru/q/GAZP/f/y/MSFO/,https://smart-lab.ru/q/shares_fundamental4/?field=market_cap; https://smart-lab.ru/q/shares_fundamental4/?field=p_e; https://smart-lab.ru/q/shares_fundamental4/?field=p_bv ; banks: https://smart-lab.ru/q/shares_fundamental4/?field=p_b; https://smart-lab.ru/q/shares_fundamental4/?field=roe; https://smart-lab.ru/q/shares_fundamental4/?field=debt_ebitda; https://smart-lab.ru/q/shares_fundamental4/?field=div_yield; https://smart-lab.ru/q/shares_fundamental4/?field=free_float,Annual financial/fundamental metrics; debt_equity left blank because cross-company definition was not consistently available in the selected source pages.; uploaded_2019_2022_dataset; available_from_conservative_july1_next_year; no_forward_fill_added
GAZP,2023,Нефть и газ,2023-12-31,2024-05-02,3783.0,5.23,0.24,4.6,,2.86,0.0,47.0,https://smart-lab.ru/q/GAZP/f/y/MSFO/,market_cap=https://smart-lab.ru/q/shares_fundamental4/?field=market_cap; pe=https://smart-lab.ru/q/shares_fundamental4/?field=p_e; pb=https://smart-lab.ru/q/shares_fundamental4/?field=p_bv ; banks: https://smart-lab.ru/q/shares_fundamental4/?field=p_b; roe=https://smart-lab.ru/q/shares_fundamental4/?field=roe; netdebt_ebitda=https://smart-lab.ru/q/shares_fundamental4/?field=debt_ebitda; dividend_yield=https://smart-lab.ru/q/shares_fundamental4/?field=div_yield; free_float=https://smart-lab.ru/q/shares_fundamental4/?field=free_float; annual_msfo_table=https://smart-lab.ru/q/GAZP/f/y/MSFO/; official_ir_site=https://www.gazprom.ru,verified_2026-05-27_from_smartlab_annual_msfo_financial_table; actual_report_publication_date_used_as_available_from; blanks_mean_metric_absent_or_ambiguous_not_imputed
GAZP,2024,Нефть и газ,2024-12-31,2025-04-30,3135.0,2.19,0.19,8.6,,1.84,0.0,47.0,https://smart-lab.ru/q/GAZP/f/y/MSFO/,market_cap=https://smart-lab.ru/q/shares_fundamental4/?field=market_cap; pe=https://smart-lab.ru/q/shares_fundamental4/?field=p_e; pb=https://smart-lab.ru/q/shares_fundamental4/?field=p_bv ; banks: https://smart-lab.ru/q/shares_fundamental4/?field=p_b; roe=https://smart-lab.ru/q/shares_fundamental4/?field=roe; netdebt_ebitda=https://smart-lab.ru/q/shares_fundamental4/?field=debt_ebitda; dividend_yield=https://smart-lab.ru/q/shares_fundamental4/?field=div_yield; free_float=https://smart-lab.ru/q/shares_fundamental4/?field=free_float; annual_msfo_table=https://smart-lab.ru/q/GAZP/f/y/MSFO/; official_ir_site=https://www.gazprom.ru,verified_2026-05-27_from_smartlab_annual_msfo_financial_table; actual_report_publication_date_used_as_available_from; blanks_mean_metric_absent_or_ambiguous_not_imputed
LKOH,2019,Нефть и газ,2019-12-31,2020-07-01,4028.0,6.29,1.03,16.1,,0.03,8.8,55.0,https://smart-lab.ru/q/LKOH/f/y/MSFO/,https://smart-lab.ru/q/shares_fundamental4/?field=market_cap; https://smart-lab.ru/q/shares_fundamental4/?field=p_e; https://smart-lab.ru/q/shares_fundamental4/?field=p_bv ; banks: https://smart-lab.ru/q/shares_fundamental4/?field=p_b; https://smart-lab.ru/q/shares_fundamental4/?field=roe; https://smart-lab.ru/q/shares_fundamental4/?field=debt_ebitda; https://smart-lab.ru/q/shares_fundamental4/?field=div_yield; https://smart-lab.ru/q/shares_fundamental4/?field=free_float,Annual financial/fundamental metrics; debt_equity left blank because cross-company definition was not consistently available in the selected source pages.; uploaded_2019_2022_dataset; available_from_conservative_july1_next_year; no_forward_fill_added
LKOH,2020,Нефть и газ,2020-12-31,2021-07-01,3382.0,222.5,0.83,0.4,,0.46,5.0,55.0,https://smart-lab.ru/q/LKOH/f/y/MSFO/,https://smart-lab.ru/q/shares_fundamental4/?field=market_cap; https://smart-lab.ru/q/shares_fundamental4/?field=p_e; https://smart-lab.ru/q/shares_fundamental4/?field=p_bv ; banks: https://smart-lab.ru/q/shares_fundamental4/?field=p_b; https://smart-lab.ru/q/shares_fundamental4/?field=roe; https://smart-lab.ru/q/shares_fundamental4/?field=debt_ebitda; https://smart-lab.ru/q/shares_fundamental4/?field=div_yield; https://smart-lab.ru/q/shares_fundamental4/?field=free_float,Annual financial/fundamental metrics; debt_equity left blank because cross-company definition was not consistently available in the selected source pages.; uploaded_2019_2022_dataset; available_from_conservative_july1_next_year; no_forward_fill_added
LKOH,2021,Нефть и газ,2021-12-31,2022-07-01,4265.0,5.51,0.95,17.1,,0.06,13.4,55.0,https://smart-lab.ru/q/LKOH/f/y/MSFO/,https://smart-lab.ru/q/shares_fundamental4/?field=market_cap; https://smart-lab.ru/q/shares_fundamental4/?field=p_e; https://smart-lab.ru/q/shares_fundamental4/?field=p_bv ; banks: https://smart-lab.ru/q/shares_fundamental4/?field=p_b; https://smart-lab.ru/q/shares_fundamental4/?field=roe; https://smart-lab.ru/q/shares_fundamental4/?field=debt_ebitda; https://smart-lab.ru/q/shares_fundamental4/?field=div_yield; https://smart-lab.ru/q/shares_fundamental4/?field=free_float,Annual financial/fundamental metrics; debt_equity left blank because cross-company definition was not consistently available in the selected source pages.; uploaded_2019_2022_dataset; available_from_conservative_july1_next_year; no_forward_fill_added
LKOH,2022,Нефть и газ,2022-12-31,2023-07-01,2820.0,3.57,0.74,18.1,,-0.39,17.0,55.0,https://smart-lab.ru/q/LKOH/f/y/MSFO/,https://smart-lab.ru/q/shares_fundamental4/?field=market_cap; https://smart-lab.ru/q/shares_fundamental4/?field=p_e; https://smart-lab.ru/q/shares_fundamental4/?field=p_bv ; banks: https://smart-lab.ru/q/shares_fundamental4/?field=p_b; https://smart-lab.ru/q/shares_fundamental4/?field=roe; https://smart-lab.ru/q/shares_fundamental4/?field=debt_ebitda; https://smart-lab.ru/q/shares_fundamental4/?field=div_yield; https://smart-lab.ru/q/shares_fundamental4/?field=free_float,Annual financial/fundamental metrics; debt_equity left blank because cross-company definition was not consistently available in the selected source pages.; uploaded_2019_2022_dataset; available_from_conservative_july1_next_year; no_forward_fill_added
LKOH,2023,Нефть и газ,2023-12-31,2024-03-12,4684.0,4.06,0.75,11.6,,-0.82,14.0,55.0,https://smart-lab.ru/q/LKOH/f/y/MSFO/,market_cap=https://smart-lab.ru/q/shares_fundamental4/?field=market_cap; pe=https://smart-lab.ru/q/shares_fundamental4/?field=p_e; pb=https://smart-lab.ru/q/shares_fundamental4/?field=p_bv ; banks: https://smart-lab.ru/q/shares_fundamental4/?field=p_b; roe=https://smart-lab.ru/q/shares_fundamental4/?field=roe; netdebt_ebitda=https://smart-lab.ru/q/shares_fundamental4/?field=debt_ebitda; dividend_yield=https://smart-lab.ru/q/shares_fundamental4/?field=div_yield; free_float=https://smart-lab.ru/q/shares_fundamental4/?field=free_float; annual_msfo_table=https://smart-lab.ru/q/LKOH/f/y/MSFO/; official_ir_site=https://lukoil.ru,verified_2026-05-27_from_smartlab_annual_msfo_financial_table; actual_report_publication_date_used_as_available_from; blanks_mean_metric_absent_or_ambiguous_not_imputed
LKOH,2024,Нефть и газ,2024-12-31,2025-03-24,5017.0,6.33,1.25,2.8,,-0.31,14.6,55.0,https://smart-lab.ru/q/LKOH/f/y/MSFO/,market_cap=https://smart-lab.ru/q/shares_fundamental4/?field=market_cap; pe=https://smart-lab.ru/q/shares_fundamental4/?field=p_e; pb=https://smart-lab.ru/q/shares_fundamental4/?field=p_bv ; banks: https://smart-lab.ru/q/shares_fundamental4/?field=p_b; roe=https://smart-lab.ru/q/shares_fundamental4/?field=roe; netdebt_ebitda=https://smart-lab.ru/q/shares_fundamental4/?field=debt_ebitda; dividend_yield=https://smart-lab.ru/q/shares_fundamental4/?field=div_yield; free_float=https://smart-lab.ru/q/shares_fundamental4/?field=free_float; annual_msfo_table=https://smart-lab.ru/q/LKOH/f/y/MSFO/; official_ir_site=https://lukoil.ru,verified_2026-05-27_from_smartlab_annual_msfo_financial_table; actual_report_publication_date_used_as_available_from; blanks_mean_metric_absent_or_ambiguous_not_imputed
ROSN,2019,Нефть и газ,2019-12-31,2020-07-01,4766.0,5.21,1.09,20.2,,2.22,7.4,11.0,https://smart-lab.ru/q/ROSN/f/y/MSFO/,https://smart-lab.ru/q/shares_fundamental4/?field=market_cap; https://smart-lab.ru/q/shares_fundamental4/?field=p_e; https://smart-lab.ru/q/shares_fundamental4/?field=p_bv ; banks: https://smart-lab.ru/q/shares_fundamental4/?field=p_b; https://smart-lab.ru/q/shares_fundamental4/?field=roe; https://smart-lab.ru/q/shares_fundamental4/?field=debt_ebitda; https://smart-lab.ru/q/shares_fundamental4/?field=div_yield; https://smart-lab.ru/q/shares_fundamental4/?field=free_float,Annual financial/fundamental metrics; debt_equity left blank because cross-company definition was not consistently available in the selected source pages.; uploaded_2019_2022_dataset; available_from_conservative_july1_next_year; no_forward_fill_added
ROSN,2020,Нефть и газ,2020-12-31,2021-07-01,4633.0,27.6,1.02,3.6,,4.58,1.6,11.0,https://smart-lab.ru/q/ROSN/f/y/MSFO/,https://smart-lab.ru/q/shares_fundamental4/?field=market_cap; https://smart-lab.ru/q/shares_fundamental4/?field=p_e; https://smart-lab.ru/q/shares_fundamental4/?field=p_bv ; banks: https://smart-lab.ru/q/shares_fundamental4/?field=p_b; https://smart-lab.ru/q/shares_fundamental4/?field=roe; https://smart-lab.ru/q/shares_fundamental4/?field=debt_ebitda; https://smart-lab.ru/q/shares_fundamental4/?field=div_yield; https://smart-lab.ru/q/shares_fundamental4/?field=free_float,Annual financial/fundamental metrics; debt_equity left blank because cross-company definition was not consistently available in the selected source pages.; uploaded_2019_2022_dataset; available_from_conservative_july1_next_year; no_forward_fill_added
ROSN,2021,Нефть и газ,2021-12-31,2022-07-01,6338.0,6.0,1.18,19.1,,2.32,7.0,11.0,https://smart-lab.ru/q/ROSN/f/y/MSFO/,https://smart-lab.ru/q/shares_fundamental4/?field=market_cap; https://smart-lab.ru/q/shares_fundamental4/?field=p_e; https://smart-lab.ru/q/shares_fundamental4/?field=p_bv ; banks: https://smart-lab.ru/q/shares_fundamental4/?field=p_b; https://smart-lab.ru/q/shares_fundamental4/?field=roe; https://smart-lab.ru/q/shares_fundamental4/?field=debt_ebitda; https://smart-lab.ru/q/shares_fundamental4/?field=div_yield; https://smart-lab.ru/q/shares_fundamental4/?field=free_float,Annual financial/fundamental metrics; debt_equity left blank because cross-company definition was not consistently available in the selected source pages.; uploaded_2019_2022_dataset; available_from_conservative_july1_next_year; no_forward_fill_added
ROSN,2022,Нефть и газ,2022-12-31,2023-07-01,3856.0,4.74,0.69,15.1,,0.9,10.5,11.0,https://smart-lab.ru/q/ROSN/f/y/MSFO/,https://smart-lab.ru/q/shares_fundamental4/?field=market_cap; https://smart-lab.ru/q/shares_fundamental4/?field=p_e; https://smart-lab.ru/q/shares_fundamental4/?field=p_bv ; banks: https://smart-lab.ru/q/shares_fundamental4/?field=p_b; https://smart-lab.ru/q/shares_fundamental4/?field=roe; https://smart-lab.ru/q/shares_fundamental4/?field=debt_ebitda; https://smart-lab.ru/q/shares_fundamental4/?field=div_yield; https://smart-lab.ru/q/shares_fundamental4/?field=free_float,Annual financial/fundamental metrics; debt_equity left blank because cross-company definition was not consistently available in the selected source pages.; uploaded_2019_2022_dataset; available_from_conservative_july1_next_year; no_forward_fill_added
ROSN,2023,Нефть и газ,2023-12-31,2024-02-19,5834.0,4.6,0.7,11.8,,0.9,10.9,11.0,https://smart-lab.ru/q/ROSN/f/y/MSFO/,market_cap=https://smart-lab.ru/q/shares_fundamental4/?field=market_cap; pe=https://smart-lab.ru/q/shares_fundamental4/?field=p_e; pb=https://smart-lab.ru/q/shares_fundamental4/?field=p_bv ; banks: https://smart-lab.ru/q/shares_fundamental4/?field=p_b; roe=https://smart-lab.ru/q/shares_fundamental4/?field=roe; netdebt_ebitda=https://smart-lab.ru/q/shares_fundamental4/?field=debt_ebitda; dividend_yield=https://smart-lab.ru/q/shares_fundamental4/?field=div_yield; free_float=https://smart-lab.ru/q/shares_fundamental4/?field=free_float; annual_msfo_table=https://smart-lab.ru/q/ROSN/f/y/MSFO/; official_ir_site=https://www.rosneft.ru,verified_2026-05-27_from_smartlab_annual_msfo_financial_table; actual_report_publication_date_used_as_available_from; blanks_mean_metric_absent_or_ambiguous_not_imputed
ROSN,2024,Нефть и газ,2024-12-31,2025-03-20,6418.0,5.92,0.48,3.2,,1.2,8.4,11.0,https://smart-lab.ru/q/ROSN/f/y/MSFO/,market_cap=https://smart-lab.ru/q/shares_fundamental4/?field=market_cap; pe=https://smart-lab.ru/q/shares_fundamental4/?field=p_e; pb=https://smart-lab.ru/q/shares_fundamental4/?field=p_bv ; banks: https://smart-lab.ru/q/shares_fundamental4/?field=p_b; roe=https://smart-lab.ru/q/shares_fundamental4/?field=roe; netdebt_ebitda=https://smart-lab.ru/q/shares_fundamental4/?field=debt_ebitda; dividend_yield=https://smart-lab.ru/q/shares_fundamental4/?field=div_yield; free_float=https://smart-lab.ru/q/shares_fundamental4/?field=free_float; annual_msfo_table=https://smart-lab.ru/q/ROSN/f/y/MSFO/; official_ir_site=https://www.rosneft.ru,verified_2026-05-27_from_smartlab_annual_msfo_financial_table; actual_report_publication_date_used_as_available_from; blanks_mean_metric_absent_or_ambiguous_not_imputed
NVTK,2019,Нефть и газ,2019-12-31,2020-07-01,3832.0,15.6,2.33,14.9,,0.21,2.6,21.0,https://smart-lab.ru/q/NVTK/f/y/MSFO/,https://smart-lab.ru/q/shares_fundamental4/?field=market_cap; https://smart-lab.ru/q/shares_fundamental4/?field=p_e; https://smart-lab.ru/q/shares_fundamental4/?field=p_bv ; banks: https://smart-lab.ru/q/shares_fundamental4/?field=p_b; https://smart-lab.ru/q/shares_fundamental4/?field=roe; https://smart-lab.ru/q/shares_fundamental4/?field=debt_ebitda; https://smart-lab.ru/q/shares_fundamental4/?field=div_yield; https://smart-lab.ru/q/shares_fundamental4/?field=free_float,Annual financial/fundamental metrics; debt_equity left blank because cross-company definition was not consistently available in the selected source pages.; uploaded_2019_2022_dataset; available_from_conservative_july1_next_year; no_forward_fill_added
NVTK,2020,Нефть и газ,2020-12-31,2021-07-01,3837.0,22.7,2.37,10.4,,0.26,2.8,21.0,https://smart-lab.ru/q/NVTK/f/y/MSFO/,https://smart-lab.ru/q/shares_fundamental4/?field=market_cap; https://smart-lab.ru/q/shares_fundamental4/?field=p_e; https://smart-lab.ru/q/shares_fundamental4/?field=p_bv ; banks: https://smart-lab.ru/q/shares_fundamental4/?field=p_b; https://smart-lab.ru/q/shares_fundamental4/?field=roe; https://smart-lab.ru/q/shares_fundamental4/?field=debt_ebitda; https://smart-lab.ru/q/shares_fundamental4/?field=div_yield; https://smart-lab.ru/q/shares_fundamental4/?field=free_float,Annual financial/fundamental metrics; debt_equity left blank because cross-company definition was not consistently available in the selected source pages.; uploaded_2019_2022_dataset; available_from_conservative_july1_next_year; no_forward_fill_added
NVTK,2021,Нефть и газ,2021-12-31,2022-07-01,5222.0,12.4,2.76,22.2,,0.18,4.2,21.0,https://smart-lab.ru/q/NVTK/f/y/MSFO/,https://smart-lab.ru/q/shares_fundamental4/?field=market_cap; https://smart-lab.ru/q/shares_fundamental4/?field=p_e; https://smart-lab.ru/q/shares_fundamental4/?field=p_bv ; banks: https://smart-lab.ru/q/shares_fundamental4/?field=p_b; https://smart-lab.ru/q/shares_fundamental4/?field=roe; https://smart-lab.ru/q/shares_fundamental4/?field=debt_ebitda; https://smart-lab.ru/q/shares_fundamental4/?field=div_yield; https://smart-lab.ru/q/shares_fundamental4/?field=free_float,Annual financial/fundamental metrics; debt_equity left blank because cross-company definition was not consistently available in the selected source pages.; uploaded_2019_2022_dataset; available_from_conservative_july1_next_year; no_forward_fill_added
NVTK,2022,Нефть и газ,2022-12-31,2023-07-01,3258.0,9.63,1.72,17.9,,0.01,9.8,21.0,https://smart-lab.ru/q/NVTK/f/y/MSFO/,https://smart-lab.ru/q/shares_fundamental4/?field=market_cap; https://smart-lab.ru/q/shares_fundamental4/?field=p_e; https://smart-lab.ru/q/shares_fundamental4/?field=p_bv ; banks: https://smart-lab.ru/q/shares_fundamental4/?field=p_b; https://smart-lab.ru/q/shares_fundamental4/?field=roe; https://smart-lab.ru/q/shares_fundamental4/?field=debt_ebitda; https://smart-lab.ru/q/shares_fundamental4/?field=div_yield; https://smart-lab.ru/q/shares_fundamental4/?field=free_float,Annual financial/fundamental metrics; debt_equity left blank because cross-company definition was not consistently available in the selected source pages.; uploaded_2019_2022_dataset; available_from_conservative_july1_next_year; no_forward_fill_added
NVTK,2023,Нефть и газ,2023-12-31,2024-02-09,4460.0,6.08,1.06,17.4,,0.14,5.3,21.0,https://smart-lab.ru/q/NVTK/f/y/MSFO/,market_cap=https://smart-lab.ru/q/shares_fundamental4/?field=market_cap; pe=https://smart-lab.ru/q/shares_fundamental4/?field=p_e; pb=https://smart-lab.ru/q/shares_fundamental4/?field=p_bv ; banks: https://smart-lab.ru/q/shares_fundamental4/?field=p_b; roe=https://smart-lab.ru/q/shares_fundamental4/?field=roe; netdebt_ebitda=https://smart-lab.ru/q/shares_fundamental4/?field=debt_ebitda; dividend_yield=https://smart-lab.ru/q/shares_fundamental4/?field=div_yield; free_float=https://smart-lab.ru/q/shares_fundamental4/?field=free_float; annual_msfo_table=https://smart-lab.ru/q/NVTK/f/y/MSFO/; official_ir_site=https://www.novatek.ru,verified_2026-05-27_from_smartlab_annual_msfo_financial_table; actual_report_publication_date_used_as_available_from; blanks_mean_metric_absent_or_ambiguous_not_imputed
NVTK,2024,Нефть и газ,2024-12-31,2025-02-18,3000.0,19.7,1.28,6.5,,-0.05,8.3,21.0,https://smart-lab.ru/q/NVTK/f/y/MSFO/,market_cap=https://smart-lab.ru/q/shares_fundamental4/?field=market_cap; pe=https://smart-lab.ru/q/shares_fundamental4/?field=p_e; pb=https://smart-lab.ru/q/shares_fundamental4/?field=p_bv ; banks: https://smart-lab.ru/q/shares_fundamental4/?field=p_b; roe=https://smart-lab.ru/q/shares_fundamental4/?field=roe; netdebt_ebitda=https://smart-lab.ru/q/shares_fundamental4/?field=debt_ebitda; dividend_yield=https://smart-lab.ru/q/shares_fundamental4/?field=div_yield; free_float=https://smart-lab.ru/q/shares_fundamental4/?field=free_float; annual_msfo_table=https://smart-lab.ru/q/NVTK/f/y/MSFO/; official_ir_site=https://www.novatek.ru,verified_2026-05-27_from_smartlab_annual_msfo_financial_table; actual_report_publication_date_used_as_available_from; blanks_mean_metric_absent_or_ambiguous_not_imputed
TATN,2019,Нефть и газ,2019-12-31,2020-07-01,1763.0,9.17,2.37,25.8,,0.06,8.5,32.0,https://smart-lab.ru/q/TATN/f/y/MSFO/,https://smart-lab.ru/q/shares_fundamental4/?field=market_cap; https://smart-lab.ru/q/shares_fundamental4/?field=p_e; https://smart-lab.ru/q/shares_fundamental4/?field=p_bv ; banks: https://smart-lab.ru/q/shares_fundamental4/?field=p_b; https://smart-lab.ru/q/shares_fundamental4/?field=roe; https://smart-lab.ru/q/shares_fundamental4/?field=debt_ebitda; https://smart-lab.ru/q/shares_fundamental4/?field=div_yield; https://smart-lab.ru/q/shares_fundamental4/?field=free_float,Annual financial/fundamental metrics; debt_equity left blank because cross-company definition was not consistently available in the selected source pages.; uploaded_2019_2022_dataset; available_from_conservative_july1_next_year; no_forward_fill_added
TATN,2020,Нефть и газ,2020-12-31,2021-07-01,1191.0,11.5,1.44,12.5,,-0.09,4.3,32.0,https://smart-lab.ru/q/TATN/f/y/MSFO/,https://smart-lab.ru/q/shares_fundamental4/?field=market_cap; https://smart-lab.ru/q/shares_fundamental4/?field=p_e; https://smart-lab.ru/q/shares_fundamental4/?field=p_bv ; banks: https://smart-lab.ru/q/shares_fundamental4/?field=p_b; https://smart-lab.ru/q/shares_fundamental4/?field=roe; https://smart-lab.ru/q/shares_fundamental4/?field=debt_ebitda; https://smart-lab.ru/q/shares_fundamental4/?field=div_yield; https://smart-lab.ru/q/shares_fundamental4/?field=free_float,Annual financial/fundamental metrics; debt_equity left blank because cross-company definition was not consistently available in the selected source pages.; uploaded_2019_2022_dataset; available_from_conservative_july1_next_year; no_forward_fill_added
TATN,2021,Нефть и газ,2021-12-31,2022-07-01,1156.0,5.83,1.23,21.1,,-0.44,8.5,32.0,https://smart-lab.ru/q/TATN/f/y/MSFO/,https://smart-lab.ru/q/shares_fundamental4/?field=market_cap; https://smart-lab.ru/q/shares_fundamental4/?field=p_e; https://smart-lab.ru/q/shares_fundamental4/?field=p_bv ; banks: https://smart-lab.ru/q/shares_fundamental4/?field=p_b; https://smart-lab.ru/q/shares_fundamental4/?field=roe; https://smart-lab.ru/q/shares_fundamental4/?field=debt_ebitda; https://smart-lab.ru/q/shares_fundamental4/?field=div_yield; https://smart-lab.ru/q/shares_fundamental4/?field=free_float,Annual financial/fundamental metrics; debt_equity left blank because cross-company definition was not consistently available in the selected source pages.; uploaded_2019_2022_dataset; available_from_conservative_july1_next_year; no_forward_fill_added
TATN,2022,Нефть и газ,2022-12-31,2023-07-01,809.3,2.84,0.74,26.0,,-0.34,19.3,32.0,https://smart-lab.ru/q/TATN/f/y/MSFO/,https://smart-lab.ru/q/shares_fundamental4/?field=market_cap; https://smart-lab.ru/q/shares_fundamental4/?field=p_e; https://smart-lab.ru/q/shares_fundamental4/?field=p_bv ; banks: https://smart-lab.ru/q/shares_fundamental4/?field=p_b; https://smart-lab.ru/q/shares_fundamental4/?field=roe; https://smart-lab.ru/q/shares_fundamental4/?field=debt_ebitda; https://smart-lab.ru/q/shares_fundamental4/?field=div_yield; https://smart-lab.ru/q/shares_fundamental4/?field=free_float,Annual financial/fundamental metrics; debt_equity left blank because cross-company definition was not consistently available in the selected source pages.; uploaded_2019_2022_dataset; available_from_conservative_july1_next_year; no_forward_fill_added
TATN,2023,Нефть и газ,2023-12-31,2024-03-15,1653.0,5.77,1.39,24.0,,-0.16,12.4,32.0,https://smart-lab.ru/q/TATN/f/y/MSFO/,market_cap=https://smart-lab.ru/q/shares_fundamental4/?field=market_cap; pe=https://smart-lab.ru/q/shares_fundamental4/?field=p_e; pb=https://smart-lab.ru/q/shares_fundamental4/?field=p_bv ; banks: https://smart-lab.ru/q/shares_fundamental4/?field=p_b; roe=https://smart-lab.ru/q/shares_fundamental4/?field=roe; netdebt_ebitda=https://smart-lab.ru/q/shares_fundamental4/?field=debt_ebitda; dividend_yield=https://smart-lab.ru/q/shares_fundamental4/?field=div_yield; free_float=https://smart-lab.ru/q/shares_fundamental4/?field=free_float; annual_msfo_table=https://smart-lab.ru/q/TATN/f/y/MSFO/; official_ir_site=https://www.tatneft.ru,verified_2026-05-27_from_smartlab_annual_msfo_financial_table; actual_report_publication_date_used_as_available_from; blanks_mean_metric_absent_or_ambiguous_not_imputed
TATN,2024,Нефть и газ,2024-12-31,2025-03-13,1604.0,5.24,1.21,23.2,,-0.22,14.3,32.0,https://smart-lab.ru/q/TATN/f/y/MSFO/,market_cap=https://smart-lab.ru/q/shares_fundamental4/?field=market_cap; pe=https://smart-lab.ru/q/shares_fundamental4/?field=p_e; pb=https://smart-lab.ru/q/shares_fundamental4/?field=p_bv ; banks: https://smart-lab.ru/q/shares_fundamental4/?field=p_b; roe=https://smart-lab.ru/q/shares_fundamental4/?field=roe; netdebt_ebitda=https://smart-lab.ru/q/shares_fundamental4/?field=debt_ebitda; dividend_yield=https://smart-lab.ru/q/shares_fundamental4/?field=div_yield; free_float=https://smart-lab.ru/q/shares_fundamental4/?field=free_float; annual_msfo_table=https://smart-lab.ru/q/TATN/f/y/MSFO/; official_ir_site=https://www.tatneft.ru,verified_2026-05-27_from_smartlab_annual_msfo_financial_table; actual_report_publication_date_used_as_available_from; blanks_mean_metric_absent_or_ambiguous_not_imputed
SNGS,2019,Нефть и газ,2019-12-31,2020-07-01,2094.0,19.8,0.47,2.4,,-7.25,1.3,27.0,https://smart-lab.ru/q/SNGS/f/y/MSFO/,https://smart-lab.ru/q/shares_fundamental4/?field=market_cap; https://smart-lab.ru/q/shares_fundamental4/?field=p_e; https://smart-lab.ru/q/shares_fundamental4/?field=p_bv ; banks: https://smart-lab.ru/q/shares_fundamental4/?field=p_b; https://smart-lab.ru/q/shares_fundamental4/?field=roe; https://smart-lab.ru/q/shares_fundamental4/?field=debt_ebitda; https://smart-lab.ru/q/shares_fundamental4/?field=div_yield; https://smart-lab.ru/q/shares_fundamental4/?field=free_float,Annual financial/fundamental metrics; debt_equity left blank because cross-company definition was not consistently available in the selected source pages.; uploaded_2019_2022_dataset; available_from_conservative_july1_next_year; no_forward_fill_added
SNGS,2020,Нефть и газ,2020-12-31,2021-07-01,1607.0,2.16,0.31,14.4,,-15.4,1.9,27.0,https://smart-lab.ru/q/SNGS/f/y/MSFO/,https://smart-lab.ru/q/shares_fundamental4/?field=market_cap; https://smart-lab.ru/q/shares_fundamental4/?field=p_e; https://smart-lab.ru/q/shares_fundamental4/?field=p_bv ; banks: https://smart-lab.ru/q/shares_fundamental4/?field=p_b; https://smart-lab.ru/q/shares_fundamental4/?field=roe; https://smart-lab.ru/q/shares_fundamental4/?field=debt_ebitda; https://smart-lab.ru/q/shares_fundamental4/?field=div_yield; https://smart-lab.ru/q/shares_fundamental4/?field=free_float,Annual financial/fundamental metrics; debt_equity left blank because cross-company definition was not consistently available in the selected source pages.; uploaded_2019_2022_dataset; available_from_conservative_july1_next_year; no_forward_fill_added
SNGS,2021,Нефть и газ,2021-12-31,2022-07-01,1715.0,3.04,0.17,5.5,,-6.17,2.0,27.0,https://smart-lab.ru/q/SNGS/f/y/MSFO/,https://smart-lab.ru/q/shares_fundamental4/?field=market_cap; https://smart-lab.ru/q/shares_fundamental4/?field=p_e; https://smart-lab.ru/q/shares_fundamental4/?field=p_bv ; banks: https://smart-lab.ru/q/shares_fundamental4/?field=p_b; https://smart-lab.ru/q/shares_fundamental4/?field=roe; https://smart-lab.ru/q/shares_fundamental4/?field=debt_ebitda; https://smart-lab.ru/q/shares_fundamental4/?field=div_yield; https://smart-lab.ru/q/shares_fundamental4/?field=free_float,Annual financial/fundamental metrics; debt_equity left blank because cross-company definition was not consistently available in the selected source pages.; uploaded_2019_2022_dataset; available_from_conservative_july1_next_year; no_forward_fill_added
SNGS,2022,Нефть и газ,2022-12-31,2023-07-01,974.8,1.05,0.2,18.7,,-9.39,3.7,27.0,https://smart-lab.ru/q/SNGS/f/y/MSFO/,https://smart-lab.ru/q/shares_fundamental4/?field=market_cap; https://smart-lab.ru/q/shares_fundamental4/?field=p_e; https://smart-lab.ru/q/shares_fundamental4/?field=p_bv ; banks: https://smart-lab.ru/q/shares_fundamental4/?field=p_b; https://smart-lab.ru/q/shares_fundamental4/?field=roe; https://smart-lab.ru/q/shares_fundamental4/?field=debt_ebitda; https://smart-lab.ru/q/shares_fundamental4/?field=div_yield; https://smart-lab.ru/q/shares_fundamental4/?field=free_float,Annual financial/fundamental metrics; debt_equity left blank because cross-company definition was not consistently available in the selected source pages.; uploaded_2019_2022_dataset; available_from_conservative_july1_next_year; no_forward_fill_added
SNGS,2023,Нефть и газ,2023-12-31,2024-07-01,1390.0,,,,,,3.2,27.0,https://smart-lab.ru/q/SNGS/f/y/MSFO/,market_cap=https://smart-lab.ru/q/shares_fundamental4/?field=market_cap; pe=https://smart-lab.ru/q/shares_fundamental4/?field=p_e; pb=https://smart-lab.ru/q/shares_fundamental4/?field=p_bv ; banks: https://smart-lab.ru/q/shares_fundamental4/?field=p_b; roe=https://smart-lab.ru/q/shares_fundamental4/?field=roe; netdebt_ebitda=https://smart-lab.ru/q/shares_fundamental4/?field=debt_ebitda; dividend_yield=https://smart-lab.ru/q/shares_fundamental4/?field=div_yield; free_float=https://smart-lab.ru/q/shares_fundamental4/?field=free_float; annual_msfo_table=https://smart-lab.ru/q/SNGS/f/y/MSFO/; official_ir_site=https://www.surgutneftegas.ru,verified_2026-05-27_from_smartlab_annual_msfo_financial_table; actual_report_publication_date_used_as_available_from; blanks_mean_metric_absent_or_ambiguous_not_imputed; selected_MSFO_source_ambiguous_for_ratio_rows; ratio_cells_left_blank_no_forward_fill; available_from_conservative_july1
SNGS,2024,Нефть и газ,2024-12-31,2025-07-01,1352.0,,,,,,3.6,27.0,https://smart-lab.ru/q/SNGS/f/y/MSFO/,market_cap=https://smart-lab.ru/q/shares_fundamental4/?field=market_cap; pe=https://smart-lab.ru/q/shares_fundamental4/?field=p_e; pb=https://smart-lab.ru/q/shares_fundamental4/?field=p_bv ; banks: https://smart-lab.ru/q/shares_fundamental4/?field=p_b; roe=https://smart-lab.ru/q/shares_fundamental4/?field=roe; netdebt_ebitda=https://smart-lab.ru/q/shares_fundamental4/?field=debt_ebitda; dividend_yield=https://smart-lab.ru/q/shares_fundamental4/?field=div_yield; free_float=https://smart-lab.ru/q/shares_fundamental4/?field=free_float; annual_msfo_table=https://smart-lab.ru/q/SNGS/f/y/MSFO/; official_ir_site=https://www.surgutneftegas.ru,verified_2026-05-27_from_smartlab_annual_msfo_financial_table; actual_report_publication_date_used_as_available_from; blanks_mean_metric_absent_or_ambiguous_not_imputed; selected_MSFO_source_ambiguous_for_ratio_rows; ratio_cells_left_blank_no_forward_fill; available_from_conservative_july1
GMKN,2019,Металлы/добыча,2019-12-31,2020-07-01,3023.0,8.05,13.6,159.2,,0.82,10.7,33.0,https://smart-lab.ru/q/GMKN/f/y/MSFO/,https://smart-lab.ru/q/shares_fundamental4/?field=market_cap; https://smart-lab.ru/q/shares_fundamental4/?field=p_e; https://smart-lab.ru/q/shares_fundamental4/?field=p_bv ; banks: https://smart-lab.ru/q/shares_fundamental4/?field=p_b; https://smart-lab.ru/q/shares_fundamental4/?field=roe; https://smart-lab.ru/q/shares_fundamental4/?field=debt_ebitda; https://smart-lab.ru/q/shares_fundamental4/?field=div_yield; https://smart-lab.ru/q/shares_fundamental4/?field=free_float,Annual financial/fundamental metrics; debt_equity left blank because cross-company definition was not consistently available in the selected source pages.; uploaded_2019_2022_dataset; available_from_conservative_july1_next_year; no_forward_fill_added
GMKN,2020,Металлы/добыча,2020-12-31,2021-07-01,3758.0,15.3,13.4,82.6,,0.59,6.9,33.0,https://smart-lab.ru/q/GMKN/f/y/MSFO/,https://smart-lab.ru/q/shares_fundamental4/?field=market_cap; https://smart-lab.ru/q/shares_fundamental4/?field=p_e; https://smart-lab.ru/q/shares_fundamental4/?field=p_bv ; banks: https://smart-lab.ru/q/shares_fundamental4/?field=p_b; https://smart-lab.ru/q/shares_fundamental4/?field=roe; https://smart-lab.ru/q/shares_fundamental4/?field=debt_ebitda; https://smart-lab.ru/q/shares_fundamental4/?field=div_yield; https://smart-lab.ru/q/shares_fundamental4/?field=free_float,Annual financial/fundamental metrics; debt_equity left blank because cross-company definition was not consistently available in the selected source pages.; uploaded_2019_2022_dataset; available_from_conservative_july1_next_year; no_forward_fill_added
GMKN,2021,Металлы/добыча,2021-12-31,2022-07-01,3547.0,7.41,14.0,174.9,,0.45,11.8,33.0,https://smart-lab.ru/q/GMKN/f/y/MSFO/,https://smart-lab.ru/q/shares_fundamental4/?field=market_cap; https://smart-lab.ru/q/shares_fundamental4/?field=p_e; https://smart-lab.ru/q/shares_fundamental4/?field=p_bv ; banks: https://smart-lab.ru/q/shares_fundamental4/?field=p_b; https://smart-lab.ru/q/shares_fundamental4/?field=roe; https://smart-lab.ru/q/shares_fundamental4/?field=debt_ebitda; https://smart-lab.ru/q/shares_fundamental4/?field=div_yield; https://smart-lab.ru/q/shares_fundamental4/?field=free_float,Annual financial/fundamental metrics; debt_equity left blank because cross-company definition was not consistently available in the selected source pages.; uploaded_2019_2022_dataset; available_from_conservative_july1_next_year; no_forward_fill_added
GMKN,2022,Металлы/добыча,2022-12-31,2023-07-01,2337.0,5.82,4.87,80.2,,1.09,5.7,33.0,https://smart-lab.ru/q/GMKN/f/y/MSFO/,https://smart-lab.ru/q/shares_fundamental4/?field=market_cap; https://smart-lab.ru/q/shares_fundamental4/?field=p_e; https://smart-lab.ru/q/shares_fundamental4/?field=p_bv ; banks: https://smart-lab.ru/q/shares_fundamental4/?field=p_b; https://smart-lab.ru/q/shares_fundamental4/?field=roe; https://smart-lab.ru/q/shares_fundamental4/?field=debt_ebitda; https://smart-lab.ru/q/shares_fundamental4/?field=div_yield; https://smart-lab.ru/q/shares_fundamental4/?field=free_float,Annual financial/fundamental metrics; debt_equity left blank because cross-company definition was not consistently available in the selected source pages.; uploaded_2019_2022_dataset; available_from_conservative_july1_next_year; no_forward_fill_added
GMKN,2023,Металлы/добыча,2023-12-31,2024-02-09,2476.0,11.8,4.48,36.7,,1.15,5.7,33.0,https://smart-lab.ru/q/GMKN/f/y/MSFO/,market_cap=https://smart-lab.ru/q/shares_fundamental4/?field=market_cap; pe=https://smart-lab.ru/q/shares_fundamental4/?field=p_e; pb=https://smart-lab.ru/q/shares_fundamental4/?field=p_bv ; banks: https://smart-lab.ru/q/shares_fundamental4/?field=p_b; roe=https://smart-lab.ru/q/shares_fundamental4/?field=roe; netdebt_ebitda=https://smart-lab.ru/q/shares_fundamental4/?field=debt_ebitda; dividend_yield=https://smart-lab.ru/q/shares_fundamental4/?field=div_yield; free_float=https://smart-lab.ru/q/shares_fundamental4/?field=free_float; annual_msfo_table=https://smart-lab.ru/q/GMKN/f/y/MSFO/; official_ir_site=https://www.nornickel.ru,verified_2026-05-27_from_smartlab_annual_msfo_financial_table; actual_report_publication_date_used_as_available_from; blanks_mean_metric_absent_or_ambiguous_not_imputed
GMKN,2024,Металлы/добыча,2024-12-31,2025-02-10,1764.0,14.4,2.6,17.5,,1.71,0.0,33.0,https://smart-lab.ru/q/GMKN/f/y/MSFO/,market_cap=https://smart-lab.ru/q/shares_fundamental4/?field=market_cap; pe=https://smart-lab.ru/q/shares_fundamental4/?field=p_e; pb=https://smart-lab.ru/q/shares_fundamental4/?field=p_bv ; banks: https://smart-lab.ru/q/shares_fundamental4/?field=p_b; roe=https://smart-lab.ru/q/shares_fundamental4/?field=roe; netdebt_ebitda=https://smart-lab.ru/q/shares_fundamental4/?field=debt_ebitda; dividend_yield=https://smart-lab.ru/q/shares_fundamental4/?field=div_yield; free_float=https://smart-lab.ru/q/shares_fundamental4/?field=free_float; annual_msfo_table=https://smart-lab.ru/q/GMKN/f/y/MSFO/; official_ir_site=https://www.nornickel.ru,verified_2026-05-27_from_smartlab_annual_msfo_financial_table; actual_report_publication_date_used_as_available_from; blanks_mean_metric_absent_or_ambiguous_not_imputed
PLZL,2019,Металлы/добыча,2019-12-31,2020-07-01,948.8,7.64,9.08,110.8,,1.18,5.7,22.3,https://smart-lab.ru/q/PLZL/f/y/MSFO/,https://smart-lab.ru/q/shares_fundamental4/?field=market_cap; https://smart-lab.ru/q/shares_fundamental4/?field=p_e; https://smart-lab.ru/q/shares_fundamental4/?field=p_bv ; banks: https://smart-lab.ru/q/shares_fundamental4/?field=p_b; https://smart-lab.ru/q/shares_fundamental4/?field=roe; https://smart-lab.ru/q/shares_fundamental4/?field=debt_ebitda; https://smart-lab.ru/q/shares_fundamental4/?field=div_yield; https://smart-lab.ru/q/shares_fundamental4/?field=free_float,Annual financial/fundamental metrics; debt_equity left blank because cross-company definition was not consistently available in the selected source pages.; uploaded_2019_2022_dataset; available_from_conservative_july1_next_year; no_forward_fill_added
PLZL,2020,Металлы/добыча,2020-12-31,2021-07-01,2038.0,17.1,12.4,68.5,,0.58,4.1,22.3,https://smart-lab.ru/q/PLZL/f/y/MSFO/,https://smart-lab.ru/q/shares_fundamental4/?field=market_cap; https://smart-lab.ru/q/shares_fundamental4/?field=p_e; https://smart-lab.ru/q/shares_fundamental4/?field=p_bv ; banks: https://smart-lab.ru/q/shares_fundamental4/?field=p_b; https://smart-lab.ru/q/shares_fundamental4/?field=roe; https://smart-lab.ru/q/shares_fundamental4/?field=debt_ebitda; https://smart-lab.ru/q/shares_fundamental4/?field=div_yield; https://smart-lab.ru/q/shares_fundamental4/?field=free_float,Annual financial/fundamental metrics; debt_equity left blank because cross-company definition was not consistently available in the selected source pages.; uploaded_2019_2022_dataset; available_from_conservative_july1_next_year; no_forward_fill_added
PLZL,2021,Металлы/добыча,2021-12-31,2022-07-01,1740.0,10.4,7.07,64.6,,0.55,0.0,22.3,https://smart-lab.ru/q/PLZL/f/y/MSFO/,https://smart-lab.ru/q/shares_fundamental4/?field=market_cap; https://smart-lab.ru/q/shares_fundamental4/?field=p_e; https://smart-lab.ru/q/shares_fundamental4/?field=p_bv ; banks: https://smart-lab.ru/q/shares_fundamental4/?field=p_b; https://smart-lab.ru/q/shares_fundamental4/?field=roe; https://smart-lab.ru/q/shares_fundamental4/?field=debt_ebitda; https://smart-lab.ru/q/shares_fundamental4/?field=div_yield; https://smart-lab.ru/q/shares_fundamental4/?field=free_float,Annual financial/fundamental metrics; debt_equity left blank because cross-company definition was not consistently available in the selected source pages.; uploaded_2019_2022_dataset; available_from_conservative_july1_next_year; no_forward_fill_added
PLZL,2022,Металлы/добыча,2022-12-31,2023-07-01,1025.0,9.17,2.85,30.0,,0.85,10.7,22.3,https://smart-lab.ru/q/PLZL/f/y/MSFO/,https://smart-lab.ru/q/shares_fundamental4/?field=market_cap; https://smart-lab.ru/q/shares_fundamental4/?field=p_e; https://smart-lab.ru/q/shares_fundamental4/?field=p_bv ; banks: https://smart-lab.ru/q/shares_fundamental4/?field=p_b; https://smart-lab.ru/q/shares_fundamental4/?field=roe; https://smart-lab.ru/q/shares_fundamental4/?field=debt_ebitda; https://smart-lab.ru/q/shares_fundamental4/?field=div_yield; https://smart-lab.ru/q/shares_fundamental4/?field=free_float,Annual financial/fundamental metrics; debt_equity left blank because cross-company definition was not consistently available in the selected source pages.; uploaded_2019_2022_dataset; available_from_conservative_july1_next_year; no_forward_fill_added
PLZL,2023,Металлы/добыча,2023-12-31,2024-02-29,1417.0,9.36,-20.9,-266.5,,1.85,0.0,22.0,https://smart-lab.ru/q/PLZL/f/y/MSFO/,market_cap=https://smart-lab.ru/q/shares_fundamental4/?field=market_cap; pe=https://smart-lab.ru/q/shares_fundamental4/?field=p_e; pb=https://smart-lab.ru/q/shares_fundamental4/?field=p_bv ; banks: https://smart-lab.ru/q/shares_fundamental4/?field=p_b; roe=https://smart-lab.ru/q/shares_fundamental4/?field=roe; netdebt_ebitda=https://smart-lab.ru/q/shares_fundamental4/?field=debt_ebitda; dividend_yield=https://smart-lab.ru/q/shares_fundamental4/?field=div_yield; free_float=https://smart-lab.ru/q/shares_fundamental4/?field=free_float; annual_msfo_table=https://smart-lab.ru/q/PLZL/f/y/MSFO/; official_ir_site=https://polyus.com,verified_2026-05-27_from_smartlab_annual_msfo_financial_table; actual_report_publication_date_used_as_available_from; blanks_mean_metric_absent_or_ambiguous_not_imputed; negative_book_or_equity_based_ratio_as_reported
PLZL,2024,Металлы/добыча,2024-12-31,2025-03-05,2572.0,8.41,21.8,241.1,,1.16,10.7,22.0,https://smart-lab.ru/q/PLZL/f/y/MSFO/,market_cap=https://smart-lab.ru/q/shares_fundamental4/?field=market_cap; pe=https://smart-lab.ru/q/shares_fundamental4/?field=p_e; pb=https://smart-lab.ru/q/shares_fundamental4/?field=p_bv ; banks: https://smart-lab.ru/q/shares_fundamental4/?field=p_b; roe=https://smart-lab.ru/q/shares_fundamental4/?field=roe; netdebt_ebitda=https://smart-lab.ru/q/shares_fundamental4/?field=debt_ebitda; dividend_yield=https://smart-lab.ru/q/shares_fundamental4/?field=div_yield; free_float=https://smart-lab.ru/q/shares_fundamental4/?field=free_float; annual_msfo_table=https://smart-lab.ru/q/PLZL/f/y/MSFO/; official_ir_site=https://polyus.com,verified_2026-05-27_from_smartlab_annual_msfo_financial_table; actual_report_publication_date_used_as_available_from; blanks_mean_metric_absent_or_ambiguous_not_imputed; elevated_equity_based_ratio_as_reported
ALRS,2019,Металлы/добыча,2019-12-31,2020-07-01,621.0,9.9,2.46,24.7,,0.74,7.7,34.0,https://smart-lab.ru/q/ALRS/f/y/MSFO/,https://smart-lab.ru/q/shares_fundamental4/?field=market_cap; https://smart-lab.ru/q/shares_fundamental4/?field=p_e; https://smart-lab.ru/q/shares_fundamental4/?field=p_bv ; banks: https://smart-lab.ru/q/shares_fundamental4/?field=p_b; https://smart-lab.ru/q/shares_fundamental4/?field=roe; https://smart-lab.ru/q/shares_fundamental4/?field=debt_ebitda; https://smart-lab.ru/q/shares_fundamental4/?field=div_yield; https://smart-lab.ru/q/shares_fundamental4/?field=free_float,Annual financial/fundamental metrics; debt_equity left blank because cross-company definition was not consistently available in the selected source pages.; uploaded_2019_2022_dataset; available_from_conservative_july1_next_year; no_forward_fill_added
ALRS,2020,Металлы/добыча,2020-12-31,2021-07-01,727.5,22.6,2.77,12.2,,0.36,9.7,34.0,https://smart-lab.ru/q/ALRS/f/y/MSFO/,https://smart-lab.ru/q/shares_fundamental4/?field=market_cap; https://smart-lab.ru/q/shares_fundamental4/?field=p_e; https://smart-lab.ru/q/shares_fundamental4/?field=p_bv ; banks: https://smart-lab.ru/q/shares_fundamental4/?field=p_b; https://smart-lab.ru/q/shares_fundamental4/?field=roe; https://smart-lab.ru/q/shares_fundamental4/?field=debt_ebitda; https://smart-lab.ru/q/shares_fundamental4/?field=div_yield; https://smart-lab.ru/q/shares_fundamental4/?field=free_float,Annual financial/fundamental metrics; debt_equity left blank because cross-company definition was not consistently available in the selected source pages.; uploaded_2019_2022_dataset; available_from_conservative_july1_next_year; no_forward_fill_added
ALRS,2021,Металлы/добыча,2021-12-31,2022-07-01,902.3,9.88,4.06,40.8,,0.44,7.2,34.0,https://smart-lab.ru/q/ALRS/f/y/MSFO/,https://smart-lab.ru/q/shares_fundamental4/?field=market_cap; https://smart-lab.ru/q/shares_fundamental4/?field=p_e; https://smart-lab.ru/q/shares_fundamental4/?field=p_bv ; banks: https://smart-lab.ru/q/shares_fundamental4/?field=p_b; https://smart-lab.ru/q/shares_fundamental4/?field=roe; https://smart-lab.ru/q/shares_fundamental4/?field=debt_ebitda; https://smart-lab.ru/q/shares_fundamental4/?field=div_yield; https://smart-lab.ru/q/shares_fundamental4/?field=free_float,Annual financial/fundamental metrics; debt_equity left blank because cross-company definition was not consistently available in the selected source pages.; uploaded_2019_2022_dataset; available_from_conservative_july1_next_year; no_forward_fill_added
ALRS,2022,Металлы/добыча,2022-12-31,2023-07-01,433.1,4.32,1.35,31.1,,0.07,0.0,34.0,https://smart-lab.ru/q/ALRS/f/y/MSFO/,https://smart-lab.ru/q/shares_fundamental4/?field=market_cap; https://smart-lab.ru/q/shares_fundamental4/?field=p_e; https://smart-lab.ru/q/shares_fundamental4/?field=p_bv ; banks: https://smart-lab.ru/q/shares_fundamental4/?field=p_b; https://smart-lab.ru/q/shares_fundamental4/?field=roe; https://smart-lab.ru/q/shares_fundamental4/?field=debt_ebitda; https://smart-lab.ru/q/shares_fundamental4/?field=div_yield; https://smart-lab.ru/q/shares_fundamental4/?field=free_float,Annual financial/fundamental metrics; debt_equity left blank because cross-company definition was not consistently available in the selected source pages.; uploaded_2019_2022_dataset; available_from_conservative_july1_next_year; no_forward_fill_added
ALRS,2023,Металлы/добыча,2023-12-31,2024-02-28,512.8,6.02,1.35,22.3,,0.27,8.3,34.0,https://smart-lab.ru/q/ALRS/f/y/MSFO/,market_cap=https://smart-lab.ru/q/shares_fundamental4/?field=market_cap; pe=https://smart-lab.ru/q/shares_fundamental4/?field=p_e; pb=https://smart-lab.ru/q/shares_fundamental4/?field=p_bv ; banks: https://smart-lab.ru/q/shares_fundamental4/?field=p_b; roe=https://smart-lab.ru/q/shares_fundamental4/?field=roe; netdebt_ebitda=https://smart-lab.ru/q/shares_fundamental4/?field=debt_ebitda; dividend_yield=https://smart-lab.ru/q/shares_fundamental4/?field=div_yield; free_float=https://smart-lab.ru/q/shares_fundamental4/?field=free_float; annual_msfo_table=https://smart-lab.ru/q/ALRS/f/y/MSFO/; official_ir_site=https://www.alrosa.ru,verified_2026-05-27_from_smartlab_annual_msfo_financial_table; actual_report_publication_date_used_as_available_from; blanks_mean_metric_absent_or_ambiguous_not_imputed
ALRS,2024,Металлы/добыча,2024-12-31,2025-02-28,423.8,20.0,1.16,5.7,,1.37,4.3,34.0,https://smart-lab.ru/q/ALRS/f/y/MSFO/,market_cap=https://smart-lab.ru/q/shares_fundamental4/?field=market_cap; pe=https://smart-lab.ru/q/shares_fundamental4/?field=p_e; pb=https://smart-lab.ru/q/shares_fundamental4/?field=p_bv ; banks: https://smart-lab.ru/q/shares_fundamental4/?field=p_b; roe=https://smart-lab.ru/q/shares_fundamental4/?field=roe; netdebt_ebitda=https://smart-lab.ru/q/shares_fundamental4/?field=debt_ebitda; dividend_yield=https://smart-lab.ru/q/shares_fundamental4/?field=div_yield; free_float=https://smart-lab.ru/q/shares_fundamental4/?field=free_float; annual_msfo_table=https://smart-lab.ru/q/ALRS/f/y/MSFO/; official_ir_site=https://www.alrosa.ru,verified_2026-05-27_from_smartlab_annual_msfo_financial_table; actual_report_publication_date_used_as_available_from; blanks_mean_metric_absent_or_ambiguous_not_imputed
NLMK,2019,Металлы/добыча,2019-12-31,2020-07-01,861.3,9.95,2.52,23.6,,0.67,12.1,21.0,https://smart-lab.ru/q/NLMK/f/y/MSFO/,https://smart-lab.ru/q/shares_fundamental4/?field=market_cap; https://smart-lab.ru/q/shares_fundamental4/?field=p_e; https://smart-lab.ru/q/shares_fundamental4/?field=p_bv ; banks: https://smart-lab.ru/q/shares_fundamental4/?field=p_b; https://smart-lab.ru/q/shares_fundamental4/?field=roe; https://smart-lab.ru/q/shares_fundamental4/?field=debt_ebitda; https://smart-lab.ru/q/shares_fundamental4/?field=div_yield; https://smart-lab.ru/q/shares_fundamental4/?field=free_float,Annual financial/fundamental metrics; debt_equity left blank because cross-company definition was not consistently available in the selected source pages.; uploaded_2019_2022_dataset; available_from_conservative_july1_next_year; no_forward_fill_added
NLMK,2020,Металлы/добыча,2020-12-31,2021-07-01,1253.0,14.0,3.89,25.5,,1.02,10.4,21.0,https://smart-lab.ru/q/NLMK/f/y/MSFO/,https://smart-lab.ru/q/shares_fundamental4/?field=market_cap; https://smart-lab.ru/q/shares_fundamental4/?field=p_e; https://smart-lab.ru/q/shares_fundamental4/?field=p_bv ; banks: https://smart-lab.ru/q/shares_fundamental4/?field=p_b; https://smart-lab.ru/q/shares_fundamental4/?field=roe; https://smart-lab.ru/q/shares_fundamental4/?field=debt_ebitda; https://smart-lab.ru/q/shares_fundamental4/?field=div_yield; https://smart-lab.ru/q/shares_fundamental4/?field=free_float,Annual financial/fundamental metrics; debt_equity left blank because cross-company definition was not consistently available in the selected source pages.; uploaded_2019_2022_dataset; available_from_conservative_july1_next_year; no_forward_fill_added
NLMK,2021,Металлы/добыча,2021-12-31,2022-07-01,1304.0,3.52,2.89,77.7,,-0.41,15.9,21.0,https://smart-lab.ru/q/NLMK/f/y/MSFO/,https://smart-lab.ru/q/shares_fundamental4/?field=market_cap; https://smart-lab.ru/q/shares_fundamental4/?field=p_e; https://smart-lab.ru/q/shares_fundamental4/?field=p_bv ; banks: https://smart-lab.ru/q/shares_fundamental4/?field=p_b; https://smart-lab.ru/q/shares_fundamental4/?field=roe; https://smart-lab.ru/q/shares_fundamental4/?field=debt_ebitda; https://smart-lab.ru/q/shares_fundamental4/?field=div_yield; https://smart-lab.ru/q/shares_fundamental4/?field=free_float,Annual financial/fundamental metrics; debt_equity left blank because cross-company definition was not consistently available in the selected source pages.; uploaded_2019_2022_dataset; available_from_conservative_july1_next_year; no_forward_fill_added
NLMK,2022,Металлы/добыча,2022-12-31,2023-07-01,702.4,4.23,1.18,26.6,,-0.04,14.2,21.0,https://smart-lab.ru/q/NLMK/f/y/MSFO/,https://smart-lab.ru/q/shares_fundamental4/?field=market_cap; https://smart-lab.ru/q/shares_fundamental4/?field=p_e; https://smart-lab.ru/q/shares_fundamental4/?field=p_bv ; banks: https://smart-lab.ru/q/shares_fundamental4/?field=p_b; https://smart-lab.ru/q/shares_fundamental4/?field=roe; https://smart-lab.ru/q/shares_fundamental4/?field=debt_ebitda; https://smart-lab.ru/q/shares_fundamental4/?field=div_yield; https://smart-lab.ru/q/shares_fundamental4/?field=free_float,Annual financial/fundamental metrics; debt_equity left blank because cross-company definition was not consistently available in the selected source pages.; uploaded_2019_2022_dataset; available_from_conservative_july1_next_year; no_forward_fill_added
NLMK,2023,Металлы/добыча,2023-12-31,2024-04-15,1075.0,5.14,1.29,24.2,,-0.33,14.2,21.0,https://smart-lab.ru/q/NLMK/f/y/MSFO/,market_cap=https://smart-lab.ru/q/shares_fundamental4/?field=market_cap; pe=https://smart-lab.ru/q/shares_fundamental4/?field=p_e; pb=https://smart-lab.ru/q/shares_fundamental4/?field=p_bv ; banks: https://smart-lab.ru/q/shares_fundamental4/?field=p_b; roe=https://smart-lab.ru/q/shares_fundamental4/?field=roe; netdebt_ebitda=https://smart-lab.ru/q/shares_fundamental4/?field=debt_ebitda; dividend_yield=https://smart-lab.ru/q/shares_fundamental4/?field=div_yield; free_float=https://smart-lab.ru/q/shares_fundamental4/?field=free_float; annual_msfo_table=https://smart-lab.ru/q/NLMK/f/y/MSFO/; official_ir_site=https://nlmk.com; https://smart-lab.ru/q/NLMK/f/y/MSFO/; https://smart-lab.ru/q/shares_fundamental4/?field=debt_ebitda,verified_2026-05-27_from_smartlab_annual_msfo_financial_table; actual_report_publication_date_used_as_available_from; blanks_mean_metric_absent_or_ambiguous_not_imputed; netdebt_ebitda_left_blank_due_ambiguous_row_alignment_on_selected_source; netdebt_ebitda_filled_from_smartlab_NLMK_annual_table_and_debt_ebitda_10y_page
NLMK,2024,Металлы/добыча,2024-12-31,2025-04-17,873.3,7.17,1.05,14.2,,,0.0,21.0,https://smart-lab.ru/q/NLMK/f/y/MSFO/,market_cap=https://smart-lab.ru/q/shares_fundamental4/?field=market_cap; pe=https://smart-lab.ru/q/shares_fundamental4/?field=p_e; pb=https://smart-lab.ru/q/shares_fundamental4/?field=p_bv ; banks: https://smart-lab.ru/q/shares_fundamental4/?field=p_b; roe=https://smart-lab.ru/q/shares_fundamental4/?field=roe; netdebt_ebitda=https://smart-lab.ru/q/shares_fundamental4/?field=debt_ebitda; dividend_yield=https://smart-lab.ru/q/shares_fundamental4/?field=div_yield; free_float=https://smart-lab.ru/q/shares_fundamental4/?field=free_float; annual_msfo_table=https://smart-lab.ru/q/NLMK/f/y/MSFO/; official_ir_site=https://nlmk.com,verified_2026-05-27_from_smartlab_annual_msfo_financial_table; actual_report_publication_date_used_as_available_from; blanks_mean_metric_absent_or_ambiguous_not_imputed; netdebt_ebitda_left_blank_due_ambiguous_row_alignment_on_selected_source
MAGN,2019,Металлы/добыча,2019-12-31,2020-07-01,468.8,8.53,1.39,16.2,,-0.13,12.7,20.0,https://smart-lab.ru/q/MAGN/f/y/MSFO/,https://smart-lab.ru/q/shares_fundamental4/?field=market_cap; https://smart-lab.ru/q/shares_fundamental4/?field=p_e; https://smart-lab.ru/q/shares_fundamental4/?field=p_bv ; banks: https://smart-lab.ru/q/shares_fundamental4/?field=p_b; https://smart-lab.ru/q/shares_fundamental4/?field=roe; https://smart-lab.ru/q/shares_fundamental4/?field=debt_ebitda; https://smart-lab.ru/q/shares_fundamental4/?field=div_yield; https://smart-lab.ru/q/shares_fundamental4/?field=free_float,Annual financial/fundamental metrics; debt_equity left blank because cross-company definition was not consistently available in the selected source pages.; uploaded_2019_2022_dataset; available_from_conservative_july1_next_year; no_forward_fill_added
MAGN,2020,Металлы/добыча,2020-12-31,2021-07-01,624.8,14.3,1.86,12.9,,-0.06,7.1,20.0,https://smart-lab.ru/q/MAGN/f/y/MSFO/,https://smart-lab.ru/q/shares_fundamental4/?field=market_cap; https://smart-lab.ru/q/shares_fundamental4/?field=p_e; https://smart-lab.ru/q/shares_fundamental4/?field=p_bv ; banks: https://smart-lab.ru/q/shares_fundamental4/?field=p_b; https://smart-lab.ru/q/shares_fundamental4/?field=roe; https://smart-lab.ru/q/shares_fundamental4/?field=debt_ebitda; https://smart-lab.ru/q/shares_fundamental4/?field=div_yield; https://smart-lab.ru/q/shares_fundamental4/?field=free_float,Annual financial/fundamental metrics; debt_equity left blank because cross-company definition was not consistently available in the selected source pages.; uploaded_2019_2022_dataset; available_from_conservative_july1_next_year; no_forward_fill_added
MAGN,2021,Металлы/добыча,2021-12-31,2022-07-01,776.3,3.39,1.67,49.0,,-0.09,11.5,20.0,https://smart-lab.ru/q/MAGN/f/y/MSFO/,https://smart-lab.ru/q/shares_fundamental4/?field=market_cap; https://smart-lab.ru/q/shares_fundamental4/?field=p_e; https://smart-lab.ru/q/shares_fundamental4/?field=p_bv ; banks: https://smart-lab.ru/q/shares_fundamental4/?field=p_b; https://smart-lab.ru/q/shares_fundamental4/?field=roe; https://smart-lab.ru/q/shares_fundamental4/?field=debt_ebitda; https://smart-lab.ru/q/shares_fundamental4/?field=div_yield; https://smart-lab.ru/q/shares_fundamental4/?field=free_float,Annual financial/fundamental metrics; debt_equity left blank because cross-company definition was not consistently available in the selected source pages.; uploaded_2019_2022_dataset; available_from_conservative_july1_next_year; no_forward_fill_added
MAGN,2022,Металлы/добыча,2022-12-31,2023-07-01,368.3,5.25,0.69,13.1,,-0.46,5.3,20.0,https://smart-lab.ru/q/MAGN/f/y/MSFO/,https://smart-lab.ru/q/shares_fundamental4/?field=market_cap; https://smart-lab.ru/q/shares_fundamental4/?field=p_e; https://smart-lab.ru/q/shares_fundamental4/?field=p_bv ; banks: https://smart-lab.ru/q/shares_fundamental4/?field=p_b; https://smart-lab.ru/q/shares_fundamental4/?field=roe; https://smart-lab.ru/q/shares_fundamental4/?field=debt_ebitda; https://smart-lab.ru/q/shares_fundamental4/?field=div_yield; https://smart-lab.ru/q/shares_fundamental4/?field=free_float,Annual financial/fundamental metrics; debt_equity left blank because cross-company definition was not consistently available in the selected source pages.; uploaded_2019_2022_dataset; available_from_conservative_july1_next_year; no_forward_fill_added
MAGN,2023,Металлы/добыча,2023-12-31,2024-02-06,582.7,4.93,0.89,17.9,,-0.47,5.3,20.0,https://smart-lab.ru/q/MAGN/f/y/MSFO/,market_cap=https://smart-lab.ru/q/shares_fundamental4/?field=market_cap; pe=https://smart-lab.ru/q/shares_fundamental4/?field=p_e; pb=https://smart-lab.ru/q/shares_fundamental4/?field=p_bv ; banks: https://smart-lab.ru/q/shares_fundamental4/?field=p_b; roe=https://smart-lab.ru/q/shares_fundamental4/?field=roe; netdebt_ebitda=https://smart-lab.ru/q/shares_fundamental4/?field=debt_ebitda; dividend_yield=https://smart-lab.ru/q/shares_fundamental4/?field=div_yield; free_float=https://smart-lab.ru/q/shares_fundamental4/?field=free_float; annual_msfo_table=https://smart-lab.ru/q/MAGN/f/y/MSFO/; official_ir_site=https://mmk.ru,verified_2026-05-27_from_smartlab_annual_msfo_financial_table; actual_report_publication_date_used_as_available_from; blanks_mean_metric_absent_or_ambiguous_not_imputed
MAGN,2024,Металлы/добыча,2024-12-31,2025-03-20,430.5,5.39,0.63,11.6,,-0.49,6.5,20.0,https://smart-lab.ru/q/MAGN/f/y/MSFO/,market_cap=https://smart-lab.ru/q/shares_fundamental4/?field=market_cap; pe=https://smart-lab.ru/q/shares_fundamental4/?field=p_e; pb=https://smart-lab.ru/q/shares_fundamental4/?field=p_bv ; banks: https://smart-lab.ru/q/shares_fundamental4/?field=p_b; roe=https://smart-lab.ru/q/shares_fundamental4/?field=roe; netdebt_ebitda=https://smart-lab.ru/q/shares_fundamental4/?field=debt_ebitda; dividend_yield=https://smart-lab.ru/q/shares_fundamental4/?field=div_yield; free_float=https://smart-lab.ru/q/shares_fundamental4/?field=free_float; annual_msfo_table=https://smart-lab.ru/q/MAGN/f/y/MSFO/; official_ir_site=https://mmk.ru,verified_2026-05-27_from_smartlab_annual_msfo_financial_table; actual_report_publication_date_used_as_available_from; blanks_mean_metric_absent_or_ambiguous_not_imputed
CHMF,2019,Металлы/добыча,2019-12-31,2020-07-01,785.4,6.87,3.98,53.3,,0.54,12.4,23.0,https://smart-lab.ru/q/CHMF/f/y/MSFO/,https://smart-lab.ru/q/shares_fundamental4/?field=market_cap; https://smart-lab.ru/q/shares_fundamental4/?field=p_e; https://smart-lab.ru/q/shares_fundamental4/?field=p_bv ; banks: https://smart-lab.ru/q/shares_fundamental4/?field=p_b; https://smart-lab.ru/q/shares_fundamental4/?field=roe; https://smart-lab.ru/q/shares_fundamental4/?field=debt_ebitda; https://smart-lab.ru/q/shares_fundamental4/?field=div_yield; https://smart-lab.ru/q/shares_fundamental4/?field=free_float,Annual financial/fundamental metrics; debt_equity left blank because cross-company definition was not consistently available in the selected source pages.; uploaded_2019_2022_dataset; available_from_conservative_july1_next_year; no_forward_fill_added
CHMF,2020,Металлы/добыча,2020-12-31,2021-07-01,1105.0,14.8,6.04,37.0,,0.85,8.8,23.0,https://smart-lab.ru/q/CHMF/f/y/MSFO/,https://smart-lab.ru/q/shares_fundamental4/?field=market_cap; https://smart-lab.ru/q/shares_fundamental4/?field=p_e; https://smart-lab.ru/q/shares_fundamental4/?field=p_bv ; banks: https://smart-lab.ru/q/shares_fundamental4/?field=p_b; https://smart-lab.ru/q/shares_fundamental4/?field=roe; https://smart-lab.ru/q/shares_fundamental4/?field=debt_ebitda; https://smart-lab.ru/q/shares_fundamental4/?field=div_yield; https://smart-lab.ru/q/shares_fundamental4/?field=free_float,Annual financial/fundamental metrics; debt_equity left blank because cross-company definition was not consistently available in the selected source pages.; uploaded_2019_2022_dataset; available_from_conservative_july1_next_year; no_forward_fill_added
CHMF,2021,Металлы/добыча,2021-12-31,2022-07-01,1345.0,4.49,4.61,96.2,,0.24,13.5,23.0,https://smart-lab.ru/q/CHMF/f/y/MSFO/,https://smart-lab.ru/q/shares_fundamental4/?field=market_cap; https://smart-lab.ru/q/shares_fundamental4/?field=p_e; https://smart-lab.ru/q/shares_fundamental4/?field=p_bv ; banks: https://smart-lab.ru/q/shares_fundamental4/?field=p_b; https://smart-lab.ru/q/shares_fundamental4/?field=roe; https://smart-lab.ru/q/shares_fundamental4/?field=debt_ebitda; https://smart-lab.ru/q/shares_fundamental4/?field=div_yield; https://smart-lab.ru/q/shares_fundamental4/?field=free_float,Annual financial/fundamental metrics; debt_equity left blank because cross-company definition was not consistently available in the selected source pages.; uploaded_2019_2022_dataset; available_from_conservative_july1_next_year; no_forward_fill_added
CHMF,2022,Металлы/добыча,2022-12-31,2023-07-01,753.8,6.96,1.84,25.4,,-0.39,0.0,23.0,https://smart-lab.ru/q/CHMF/f/y/MSFO/,https://smart-lab.ru/q/shares_fundamental4/?field=market_cap; https://smart-lab.ru/q/shares_fundamental4/?field=p_e; https://smart-lab.ru/q/shares_fundamental4/?field=p_bv ; banks: https://smart-lab.ru/q/shares_fundamental4/?field=p_b; https://smart-lab.ru/q/shares_fundamental4/?field=roe; https://smart-lab.ru/q/shares_fundamental4/?field=debt_ebitda; https://smart-lab.ru/q/shares_fundamental4/?field=div_yield; https://smart-lab.ru/q/shares_fundamental4/?field=free_float,Annual financial/fundamental metrics; debt_equity left blank because cross-company definition was not consistently available in the selected source pages.; uploaded_2019_2022_dataset; available_from_conservative_july1_next_year; no_forward_fill_added
CHMF,2023,Металлы/добыча,2023-12-31,2024-02-02,1171.0,6.04,1.97,31.6,,-0.8,13.7,23.0,https://smart-lab.ru/q/CHMF/f/y/MSFO/,market_cap=https://smart-lab.ru/q/shares_fundamental4/?field=market_cap; pe=https://smart-lab.ru/q/shares_fundamental4/?field=p_e; pb=https://smart-lab.ru/q/shares_fundamental4/?field=p_bv ; banks: https://smart-lab.ru/q/shares_fundamental4/?field=p_b; roe=https://smart-lab.ru/q/shares_fundamental4/?field=roe; netdebt_ebitda=https://smart-lab.ru/q/shares_fundamental4/?field=debt_ebitda; dividend_yield=https://smart-lab.ru/q/shares_fundamental4/?field=div_yield; free_float=https://smart-lab.ru/q/shares_fundamental4/?field=free_float; annual_msfo_table=https://smart-lab.ru/q/CHMF/f/y/MSFO/; official_ir_site=https://www.severstal.com,verified_2026-05-27_from_smartlab_annual_msfo_financial_table; actual_report_publication_date_used_as_available_from; blanks_mean_metric_absent_or_ambiguous_not_imputed
CHMF,2024,Металлы/добыча,2024-12-31,2025-02-03,1094.0,7.31,2.32,30.2,,-0.08,9.1,23.0,https://smart-lab.ru/q/CHMF/f/y/MSFO/,market_cap=https://smart-lab.ru/q/shares_fundamental4/?field=market_cap; pe=https://smart-lab.ru/q/shares_fundamental4/?field=p_e; pb=https://smart-lab.ru/q/shares_fundamental4/?field=p_bv ; banks: https://smart-lab.ru/q/shares_fundamental4/?field=p_b; roe=https://smart-lab.ru/q/shares_fundamental4/?field=roe; netdebt_ebitda=https://smart-lab.ru/q/shares_fundamental4/?field=debt_ebitda; dividend_yield=https://smart-lab.ru/q/shares_fundamental4/?field=div_yield; free_float=https://smart-lab.ru/q/shares_fundamental4/?field=free_float; annual_msfo_table=https://smart-lab.ru/q/CHMF/f/y/MSFO/; official_ir_site=https://www.severstal.com,verified_2026-05-27_from_smartlab_annual_msfo_financial_table; actual_report_publication_date_used_as_available_from; blanks_mean_metric_absent_or_ambiguous_not_imputed
RUAL,2019,Металлы/добыча,2019-12-31,2020-07-01,467.9,7.54,1.8,14.9,,6.41,0.0,17.6,https://smart-lab.ru/q/RUAL/f/y/MSFO/,https://smart-lab.ru/q/shares_fundamental4/?field=market_cap; https://smart-lab.ru/q/shares_fundamental4/?field=p_e; https://smart-lab.ru/q/shares_fundamental4/?field=p_bv ; banks: https://smart-lab.ru/q/shares_fundamental4/?field=p_b; https://smart-lab.ru/q/shares_fundamental4/?field=roe; https://smart-lab.ru/q/shares_fundamental4/?field=debt_ebitda; https://smart-lab.ru/q/shares_fundamental4/?field=div_yield; https://smart-lab.ru/q/shares_fundamental4/?field=free_float,Annual financial/fundamental metrics; debt_equity left blank because cross-company definition was not consistently available in the selected source pages.; uploaded_2019_2022_dataset; available_from_conservative_july1_next_year; no_forward_fill_added
RUAL,2020,Металлы/добыча,2020-12-31,2021-07-01,538.8,7.01,1.76,15.9,,6.54,0.0,17.6,https://smart-lab.ru/q/RUAL/f/y/MSFO/,https://smart-lab.ru/q/shares_fundamental4/?field=market_cap; https://smart-lab.ru/q/shares_fundamental4/?field=p_e; https://smart-lab.ru/q/shares_fundamental4/?field=p_bv ; banks: https://smart-lab.ru/q/shares_fundamental4/?field=p_b; https://smart-lab.ru/q/shares_fundamental4/?field=roe; https://smart-lab.ru/q/shares_fundamental4/?field=debt_ebitda; https://smart-lab.ru/q/shares_fundamental4/?field=div_yield; https://smart-lab.ru/q/shares_fundamental4/?field=free_float,Annual financial/fundamental metrics; debt_equity left blank because cross-company definition was not consistently available in the selected source pages.; uploaded_2019_2022_dataset; available_from_conservative_july1_next_year; no_forward_fill_added
RUAL,2021,Металлы/добыча,2021-12-31,2022-07-01,1122.0,9.92,1.88,14.6,,1.66,0.0,17.6,https://smart-lab.ru/q/RUAL/f/y/MSFO/,https://smart-lab.ru/q/shares_fundamental4/?field=market_cap; https://smart-lab.ru/q/shares_fundamental4/?field=p_e; https://smart-lab.ru/q/shares_fundamental4/?field=p_bv ; banks: https://smart-lab.ru/q/shares_fundamental4/?field=p_b; https://smart-lab.ru/q/shares_fundamental4/?field=roe; https://smart-lab.ru/q/shares_fundamental4/?field=debt_ebitda; https://smart-lab.ru/q/shares_fundamental4/?field=div_yield; https://smart-lab.ru/q/shares_fundamental4/?field=free_float,Annual financial/fundamental metrics; debt_equity left blank because cross-company definition was not consistently available in the selected source pages.; uploaded_2019_2022_dataset; available_from_conservative_july1_next_year; no_forward_fill_added
RUAL,2022,Металлы/добыча,2022-12-31,2023-07-01,609.5,12.3,0.89,5.7,,3.17,3.0,17.6,https://smart-lab.ru/q/RUAL/f/y/MSFO/,https://smart-lab.ru/q/shares_fundamental4/?field=market_cap; https://smart-lab.ru/q/shares_fundamental4/?field=p_e; https://smart-lab.ru/q/shares_fundamental4/?field=p_bv ; banks: https://smart-lab.ru/q/shares_fundamental4/?field=p_b; https://smart-lab.ru/q/shares_fundamental4/?field=roe; https://smart-lab.ru/q/shares_fundamental4/?field=debt_ebitda; https://smart-lab.ru/q/shares_fundamental4/?field=div_yield; https://smart-lab.ru/q/shares_fundamental4/?field=free_float,Annual financial/fundamental metrics; debt_equity left blank because cross-company definition was not consistently available in the selected source pages.; uploaded_2019_2022_dataset; available_from_conservative_july1_next_year; no_forward_fill_added
RUAL,2023,Металлы/добыча,2023-12-31,2024-03-15,516.5,83.3,0.66,0.6,,7.74,0.0,17.6,https://smart-lab.ru/q/RUAL/f/y/MSFO/,market_cap=https://smart-lab.ru/q/shares_fundamental4/?field=market_cap; pe=https://smart-lab.ru/q/shares_fundamental4/?field=p_e; pb=https://smart-lab.ru/q/shares_fundamental4/?field=p_bv ; banks: https://smart-lab.ru/q/shares_fundamental4/?field=p_b; roe=https://smart-lab.ru/q/shares_fundamental4/?field=roe; netdebt_ebitda=https://smart-lab.ru/q/shares_fundamental4/?field=debt_ebitda; dividend_yield=https://smart-lab.ru/q/shares_fundamental4/?field=div_yield; free_float=https://smart-lab.ru/q/shares_fundamental4/?field=free_float; annual_msfo_table=https://smart-lab.ru/q/RUAL/f/y/MSFO/; official_ir_site=https://rusal.ru,verified_2026-05-27_from_smartlab_annual_msfo_financial_table; actual_report_publication_date_used_as_available_from; blanks_mean_metric_absent_or_ambiguous_not_imputed
RUAL,2024,Металлы/добыча,2024-12-31,2025-03-14,558.3,8.53,0.68,6.4,,4.29,0.0,17.6,https://smart-lab.ru/q/RUAL/f/y/MSFO/,market_cap=https://smart-lab.ru/q/shares_fundamental4/?field=market_cap; pe=https://smart-lab.ru/q/shares_fundamental4/?field=p_e; pb=https://smart-lab.ru/q/shares_fundamental4/?field=p_bv ; banks: https://smart-lab.ru/q/shares_fundamental4/?field=p_b; roe=https://smart-lab.ru/q/shares_fundamental4/?field=roe; netdebt_ebitda=https://smart-lab.ru/q/shares_fundamental4/?field=debt_ebitda; dividend_yield=https://smart-lab.ru/q/shares_fundamental4/?field=div_yield; free_float=https://smart-lab.ru/q/shares_fundamental4/?field=free_float; annual_msfo_table=https://smart-lab.ru/q/RUAL/f/y/MSFO/; official_ir_site=https://rusal.ru,verified_2026-05-27_from_smartlab_annual_msfo_financial_table; actual_report_publication_date_used_as_available_from; blanks_mean_metric_absent_or_ambiguous_not_imputed
IRAO,2019,Электроэнергетика,2019-12-31,2020-07-01,526.4,6.43,0.97,14.8,,-1.81,3.9,32.0,https://smart-lab.ru/q/IRAO/f/y/MSFO/,https://smart-lab.ru/q/shares_fundamental4/?field=market_cap; https://smart-lab.ru/q/shares_fundamental4/?field=p_e; https://smart-lab.ru/q/shares_fundamental4/?field=p_bv ; banks: https://smart-lab.ru/q/shares_fundamental4/?field=p_b; https://smart-lab.ru/q/shares_fundamental4/?field=roe; https://smart-lab.ru/q/shares_fundamental4/?field=debt_ebitda; https://smart-lab.ru/q/shares_fundamental4/?field=div_yield; https://smart-lab.ru/q/shares_fundamental4/?field=free_float,Annual financial/fundamental metrics; debt_equity left blank because cross-company definition was not consistently available in the selected source pages.; uploaded_2019_2022_dataset; available_from_conservative_july1_next_year; no_forward_fill_added
IRAO,2020,Электроэнергетика,2020-12-31,2021-07-01,555.7,7.36,0.93,12.3,,-2.68,3.4,32.0,https://smart-lab.ru/q/IRAO/f/y/MSFO/,https://smart-lab.ru/q/shares_fundamental4/?field=market_cap; https://smart-lab.ru/q/shares_fundamental4/?field=p_e; https://smart-lab.ru/q/shares_fundamental4/?field=p_bv ; banks: https://smart-lab.ru/q/shares_fundamental4/?field=p_b; https://smart-lab.ru/q/shares_fundamental4/?field=roe; https://smart-lab.ru/q/shares_fundamental4/?field=debt_ebitda; https://smart-lab.ru/q/shares_fundamental4/?field=div_yield; https://smart-lab.ru/q/shares_fundamental4/?field=free_float,Annual financial/fundamental metrics; debt_equity left blank because cross-company definition was not consistently available in the selected source pages.; uploaded_2019_2022_dataset; available_from_conservative_july1_next_year; no_forward_fill_added
IRAO,2021,Электроэнергетика,2021-12-31,2022-07-01,446.9,4.55,0.73,14.5,,-1.65,5.5,32.0,https://smart-lab.ru/q/IRAO/f/y/MSFO/,https://smart-lab.ru/q/shares_fundamental4/?field=market_cap; https://smart-lab.ru/q/shares_fundamental4/?field=p_e; https://smart-lab.ru/q/shares_fundamental4/?field=p_bv ; banks: https://smart-lab.ru/q/shares_fundamental4/?field=p_b; https://smart-lab.ru/q/shares_fundamental4/?field=roe; https://smart-lab.ru/q/shares_fundamental4/?field=debt_ebitda; https://smart-lab.ru/q/shares_fundamental4/?field=div_yield; https://smart-lab.ru/q/shares_fundamental4/?field=free_float,Annual financial/fundamental metrics; debt_equity left blank because cross-company definition was not consistently available in the selected source pages.; uploaded_2019_2022_dataset; available_from_conservative_july1_next_year; no_forward_fill_added
IRAO,2022,Электроэнергетика,2022-12-31,2023-07-01,355.0,3.02,0.48,14.8,,-2.46,8.3,32.0,https://smart-lab.ru/q/IRAO/f/y/MSFO/,https://smart-lab.ru/q/shares_fundamental4/?field=market_cap; https://smart-lab.ru/q/shares_fundamental4/?field=p_e; https://smart-lab.ru/q/shares_fundamental4/?field=p_bv ; banks: https://smart-lab.ru/q/shares_fundamental4/?field=p_b; https://smart-lab.ru/q/shares_fundamental4/?field=roe; https://smart-lab.ru/q/shares_fundamental4/?field=debt_ebitda; https://smart-lab.ru/q/shares_fundamental4/?field=div_yield; https://smart-lab.ru/q/shares_fundamental4/?field=free_float,Annual financial/fundamental metrics; debt_equity left blank because cross-company definition was not consistently available in the selected source pages.; uploaded_2019_2022_dataset; available_from_conservative_july1_next_year; no_forward_fill_added
IRAO,2023,Электроэнергетика,2023-12-31,2024-02-29,412.1,3.03,0.49,14.9,,-2.94,8.3,32.0,https://smart-lab.ru/q/IRAO/f/y/MSFO/,market_cap=https://smart-lab.ru/q/shares_fundamental4/?field=market_cap; pe=https://smart-lab.ru/q/shares_fundamental4/?field=p_e; pb=https://smart-lab.ru/q/shares_fundamental4/?field=p_bv ; banks: https://smart-lab.ru/q/shares_fundamental4/?field=p_b; roe=https://smart-lab.ru/q/shares_fundamental4/?field=roe; netdebt_ebitda=https://smart-lab.ru/q/shares_fundamental4/?field=debt_ebitda; dividend_yield=https://smart-lab.ru/q/shares_fundamental4/?field=div_yield; free_float=https://smart-lab.ru/q/shares_fundamental4/?field=free_float; annual_msfo_table=https://smart-lab.ru/q/IRAO/f/y/MSFO/; official_ir_site=https://www.interrao.ru,verified_2026-05-27_from_smartlab_annual_msfo_financial_table; actual_report_publication_date_used_as_available_from; blanks_mean_metric_absent_or_ambiguous_not_imputed
IRAO,2024,Электроэнергетика,2024-12-31,2025-02-28,388.3,2.69,0.41,14.1,,-2.96,9.5,32.0,https://smart-lab.ru/q/IRAO/f/y/MSFO/,market_cap=https://smart-lab.ru/q/shares_fundamental4/?field=market_cap; pe=https://smart-lab.ru/q/shares_fundamental4/?field=p_e; pb=https://smart-lab.ru/q/shares_fundamental4/?field=p_bv ; banks: https://smart-lab.ru/q/shares_fundamental4/?field=p_b; roe=https://smart-lab.ru/q/shares_fundamental4/?field=roe; netdebt_ebitda=https://smart-lab.ru/q/shares_fundamental4/?field=debt_ebitda; dividend_yield=https://smart-lab.ru/q/shares_fundamental4/?field=div_yield; free_float=https://smart-lab.ru/q/shares_fundamental4/?field=free_float; annual_msfo_table=https://smart-lab.ru/q/IRAO/f/y/MSFO/; official_ir_site=https://www.interrao.ru,verified_2026-05-27_from_smartlab_annual_msfo_financial_table; actual_report_publication_date_used_as_available_from; blanks_mean_metric_absent_or_ambiguous_not_imputed
HYDR,2019,Электроэнергетика,2019-12-31,2020-07-01,236.7,4.6,0.42,9.1,,1.08,6.6,15.0,https://smart-lab.ru/q/HYDR/f/y/MSFO/,https://smart-lab.ru/q/shares_fundamental4/?field=market_cap; https://smart-lab.ru/q/shares_fundamental4/?field=p_e; https://smart-lab.ru/q/shares_fundamental4/?field=p_bv ; banks: https://smart-lab.ru/q/shares_fundamental4/?field=p_b; https://smart-lab.ru/q/shares_fundamental4/?field=roe; https://smart-lab.ru/q/shares_fundamental4/?field=debt_ebitda; https://smart-lab.ru/q/shares_fundamental4/?field=div_yield; https://smart-lab.ru/q/shares_fundamental4/?field=free_float,Annual financial/fundamental metrics; debt_equity left blank because cross-company definition was not consistently available in the selected source pages.; uploaded_2019_2022_dataset; available_from_conservative_july1_next_year; no_forward_fill_added
HYDR,2020,Электроэнергетика,2020-12-31,2021-07-01,344.5,5.14,0.57,11.2,,0.76,6.8,15.0,https://smart-lab.ru/q/HYDR/f/y/MSFO/,https://smart-lab.ru/q/shares_fundamental4/?field=market_cap; https://smart-lab.ru/q/shares_fundamental4/?field=p_e; https://smart-lab.ru/q/shares_fundamental4/?field=p_bv ; banks: https://smart-lab.ru/q/shares_fundamental4/?field=p_b; https://smart-lab.ru/q/shares_fundamental4/?field=roe; https://smart-lab.ru/q/shares_fundamental4/?field=debt_ebitda; https://smart-lab.ru/q/shares_fundamental4/?field=div_yield; https://smart-lab.ru/q/shares_fundamental4/?field=free_float,Annual financial/fundamental metrics; debt_equity left blank because cross-company definition was not consistently available in the selected source pages.; uploaded_2019_2022_dataset; available_from_conservative_july1_next_year; no_forward_fill_added
HYDR,2021,Электроэнергетика,2021-12-31,2022-07-01,325.8,4.16,0.53,12.7,,0.85,7.2,15.0,https://smart-lab.ru/q/HYDR/f/y/MSFO/,https://smart-lab.ru/q/shares_fundamental4/?field=market_cap; https://smart-lab.ru/q/shares_fundamental4/?field=p_e; https://smart-lab.ru/q/shares_fundamental4/?field=p_bv ; banks: https://smart-lab.ru/q/shares_fundamental4/?field=p_b; https://smart-lab.ru/q/shares_fundamental4/?field=roe; https://smart-lab.ru/q/shares_fundamental4/?field=debt_ebitda; https://smart-lab.ru/q/shares_fundamental4/?field=div_yield; https://smart-lab.ru/q/shares_fundamental4/?field=free_float,Annual financial/fundamental metrics; debt_equity left blank because cross-company definition was not consistently available in the selected source pages.; uploaded_2019_2022_dataset; available_from_conservative_july1_next_year; no_forward_fill_added
HYDR,2022,Электроэнергетика,2022-12-31,2023-07-01,338.3,7.57,0.55,7.3,,1.97,6.6,15.0,https://smart-lab.ru/q/HYDR/f/y/MSFO/,https://smart-lab.ru/q/shares_fundamental4/?field=market_cap; https://smart-lab.ru/q/shares_fundamental4/?field=p_e; https://smart-lab.ru/q/shares_fundamental4/?field=p_bv ; banks: https://smart-lab.ru/q/shares_fundamental4/?field=p_b; https://smart-lab.ru/q/shares_fundamental4/?field=roe; https://smart-lab.ru/q/shares_fundamental4/?field=debt_ebitda; https://smart-lab.ru/q/shares_fundamental4/?field=div_yield; https://smart-lab.ru/q/shares_fundamental4/?field=free_float,Annual financial/fundamental metrics; debt_equity left blank because cross-company definition was not consistently available in the selected source pages.; uploaded_2019_2022_dataset; available_from_conservative_july1_next_year; no_forward_fill_added
HYDR,2023,Электроэнергетика,2023-12-31,2024-03-06,316.7,4.03,0.5,12.5,,2.45,0.0,15.0,https://smart-lab.ru/q/HYDR/f/y/MSFO/,market_cap=https://smart-lab.ru/q/shares_fundamental4/?field=market_cap; pe=https://smart-lab.ru/q/shares_fundamental4/?field=p_e; pb=https://smart-lab.ru/q/shares_fundamental4/?field=p_bv ; banks: https://smart-lab.ru/q/shares_fundamental4/?field=p_b; roe=https://smart-lab.ru/q/shares_fundamental4/?field=roe; netdebt_ebitda=https://smart-lab.ru/q/shares_fundamental4/?field=debt_ebitda; dividend_yield=https://smart-lab.ru/q/shares_fundamental4/?field=div_yield; free_float=https://smart-lab.ru/q/shares_fundamental4/?field=free_float; annual_msfo_table=https://smart-lab.ru/q/HYDR/f/y/MSFO/; official_ir_site=https://rushydro.ru,verified_2026-05-27_from_smartlab_annual_msfo_financial_table; actual_report_publication_date_used_as_available_from; blanks_mean_metric_absent_or_ambiguous_not_imputed
HYDR,2024,Электроэнергетика,2024-12-31,2025-03-13,229.7,3.41,0.4,11.7,,3.16,0.0,15.0,https://smart-lab.ru/q/HYDR/f/y/MSFO/,market_cap=https://smart-lab.ru/q/shares_fundamental4/?field=market_cap; pe=https://smart-lab.ru/q/shares_fundamental4/?field=p_e; pb=https://smart-lab.ru/q/shares_fundamental4/?field=p_bv ; banks: https://smart-lab.ru/q/shares_fundamental4/?field=p_b; roe=https://smart-lab.ru/q/shares_fundamental4/?field=roe; netdebt_ebitda=https://smart-lab.ru/q/shares_fundamental4/?field=debt_ebitda; dividend_yield=https://smart-lab.ru/q/shares_fundamental4/?field=div_yield; free_float=https://smart-lab.ru/q/shares_fundamental4/?field=free_float; annual_msfo_table=https://smart-lab.ru/q/HYDR/f/y/MSFO/; official_ir_site=https://rushydro.ru,verified_2026-05-27_from_smartlab_annual_msfo_financial_table; actual_report_publication_date_used_as_available_from; blanks_mean_metric_absent_or_ambiguous_not_imputed
FEES,2019,Электроэнергетика,2019-12-31,2020-07-01,255.7,3.33,0.22,6.5,,1.44,57.3,18.2,https://smart-lab.ru/q/FEES/f/y/MSFO/,https://smart-lab.ru/q/shares_fundamental4/?field=market_cap; https://smart-lab.ru/q/shares_fundamental4/?field=p_e; https://smart-lab.ru/q/shares_fundamental4/?field=p_bv ; banks: https://smart-lab.ru/q/shares_fundamental4/?field=p_b; https://smart-lab.ru/q/shares_fundamental4/?field=roe; https://smart-lab.ru/q/shares_fundamental4/?field=debt_ebitda; https://smart-lab.ru/q/shares_fundamental4/?field=div_yield; https://smart-lab.ru/q/shares_fundamental4/?field=free_float,Annual financial/fundamental metrics; debt_equity left blank because cross-company definition was not consistently available in the selected source pages.; uploaded_2019_2022_dataset; available_from_conservative_july1_next_year; no_forward_fill_added
FEES,2020,Электроэнергетика,2020-12-31,2021-07-01,285.0,6.49,0.24,3.6,,1.63,11.3,18.2,https://smart-lab.ru/q/FEES/f/y/MSFO/,https://smart-lab.ru/q/shares_fundamental4/?field=market_cap; https://smart-lab.ru/q/shares_fundamental4/?field=p_e; https://smart-lab.ru/q/shares_fundamental4/?field=p_bv ; banks: https://smart-lab.ru/q/shares_fundamental4/?field=p_b; https://smart-lab.ru/q/shares_fundamental4/?field=roe; https://smart-lab.ru/q/shares_fundamental4/?field=debt_ebitda; https://smart-lab.ru/q/shares_fundamental4/?field=div_yield; https://smart-lab.ru/q/shares_fundamental4/?field=free_float,Annual financial/fundamental metrics; debt_equity left blank because cross-company definition was not consistently available in the selected source pages.; uploaded_2019_2022_dataset; available_from_conservative_july1_next_year; no_forward_fill_added
FEES,2021,Электроэнергетика,2021-12-31,2022-07-01,207.0,1.38,0.16,11.1,,1.18,0.0,18.2,https://smart-lab.ru/q/FEES/f/y/MSFO/,https://smart-lab.ru/q/shares_fundamental4/?field=market_cap; https://smart-lab.ru/q/shares_fundamental4/?field=p_e; https://smart-lab.ru/q/shares_fundamental4/?field=p_bv ; banks: https://smart-lab.ru/q/shares_fundamental4/?field=p_b; https://smart-lab.ru/q/shares_fundamental4/?field=roe; https://smart-lab.ru/q/shares_fundamental4/?field=debt_ebitda; https://smart-lab.ru/q/shares_fundamental4/?field=div_yield; https://smart-lab.ru/q/shares_fundamental4/?field=free_float,Annual financial/fundamental metrics; debt_equity left blank because cross-company definition was not consistently available in the selected source pages.; uploaded_2019_2022_dataset; available_from_conservative_july1_next_year; no_forward_fill_added
FEES,2022,Электроэнергетика,2022-12-31,2023-07-01,183.7,1.44,0.15,10.3,,0.73,0.0,18.2,https://smart-lab.ru/q/FEES/f/y/MSFO/,https://smart-lab.ru/q/shares_fundamental4/?field=market_cap; https://smart-lab.ru/q/shares_fundamental4/?field=p_e; https://smart-lab.ru/q/shares_fundamental4/?field=p_bv ; banks: https://smart-lab.ru/q/shares_fundamental4/?field=p_b; https://smart-lab.ru/q/shares_fundamental4/?field=roe; https://smart-lab.ru/q/shares_fundamental4/?field=debt_ebitda; https://smart-lab.ru/q/shares_fundamental4/?field=div_yield; https://smart-lab.ru/q/shares_fundamental4/?field=free_float,Annual financial/fundamental metrics; debt_equity left blank because cross-company definition was not consistently available in the selected source pages.; uploaded_2019_2022_dataset; available_from_conservative_july1_next_year; no_forward_fill_added
FEES,2023,Электроэнергетика,2023-12-31,2024-03-29,231.8,-1.1,0.12,-10.6,,0.98,0.0,16.0,https://smart-lab.ru/q/FEES/f/y/MSFO/,market_cap=https://smart-lab.ru/q/shares_fundamental4/?field=market_cap; pe=https://smart-lab.ru/q/shares_fundamental4/?field=p_e; pb=https://smart-lab.ru/q/shares_fundamental4/?field=p_bv ; banks: https://smart-lab.ru/q/shares_fundamental4/?field=p_b; roe=https://smart-lab.ru/q/shares_fundamental4/?field=roe; netdebt_ebitda=https://smart-lab.ru/q/shares_fundamental4/?field=debt_ebitda; dividend_yield=https://smart-lab.ru/q/shares_fundamental4/?field=div_yield; free_float=https://smart-lab.ru/q/shares_fundamental4/?field=free_float; annual_msfo_table=https://smart-lab.ru/q/FEES/f/y/MSFO/; official_ir_site=https://www.fsk-ees.ru,verified_2026-05-27_from_smartlab_annual_msfo_financial_table; actual_report_publication_date_used_as_available_from; blanks_mean_metric_absent_or_ambiguous_not_imputed
FEES,2024,Электроэнергетика,2024-12-31,2025-03-28,163.8,1.06,0.1,9.1,,0.77,0.0,16.0,https://smart-lab.ru/q/FEES/f/y/MSFO/,market_cap=https://smart-lab.ru/q/shares_fundamental4/?field=market_cap; pe=https://smart-lab.ru/q/shares_fundamental4/?field=p_e; pb=https://smart-lab.ru/q/shares_fundamental4/?field=p_bv ; banks: https://smart-lab.ru/q/shares_fundamental4/?field=p_b; roe=https://smart-lab.ru/q/shares_fundamental4/?field=roe; netdebt_ebitda=https://smart-lab.ru/q/shares_fundamental4/?field=debt_ebitda; dividend_yield=https://smart-lab.ru/q/shares_fundamental4/?field=div_yield; free_float=https://smart-lab.ru/q/shares_fundamental4/?field=free_float; annual_msfo_table=https://smart-lab.ru/q/FEES/f/y/MSFO/; official_ir_site=https://www.fsk-ees.ru,verified_2026-05-27_from_smartlab_annual_msfo_financial_table; actual_report_publication_date_used_as_available_from; blanks_mean_metric_absent_or_ambiguous_not_imputed
MTSS,2019,Телеком/холдинги,2019-12-31,2020-07-01,639.4,11.8,-7.49,163.9,,1.33,13.3,41.0,https://smart-lab.ru/q/MTSS/f/y/MSFO/,https://smart-lab.ru/q/shares_fundamental4/?field=market_cap; https://smart-lab.ru/q/shares_fundamental4/?field=p_e; https://smart-lab.ru/q/shares_fundamental4/?field=p_bv ; banks: https://smart-lab.ru/q/shares_fundamental4/?field=p_b; https://smart-lab.ru/q/shares_fundamental4/?field=roe; https://smart-lab.ru/q/shares_fundamental4/?field=debt_ebitda; https://smart-lab.ru/q/shares_fundamental4/?field=div_yield; https://smart-lab.ru/q/shares_fundamental4/?field=free_float,Annual financial/fundamental metrics; debt_equity left blank because cross-company definition was not consistently available in the selected source pages.; uploaded_2019_2022_dataset; available_from_conservative_july1_next_year; no_forward_fill_added
MTSS,2020,Телеком/холдинги,2020-12-31,2021-07-01,659.4,10.7,-6.63,213.9,,1.73,10.7,41.0,https://smart-lab.ru/q/MTSS/f/y/MSFO/,https://smart-lab.ru/q/shares_fundamental4/?field=market_cap; https://smart-lab.ru/q/shares_fundamental4/?field=p_e; https://smart-lab.ru/q/shares_fundamental4/?field=p_bv ; banks: https://smart-lab.ru/q/shares_fundamental4/?field=p_b; https://smart-lab.ru/q/shares_fundamental4/?field=roe; https://smart-lab.ru/q/shares_fundamental4/?field=debt_ebitda; https://smart-lab.ru/q/shares_fundamental4/?field=div_yield; https://smart-lab.ru/q/shares_fundamental4/?field=free_float,Annual financial/fundamental metrics; debt_equity left blank because cross-company definition was not consistently available in the selected source pages.; uploaded_2019_2022_dataset; available_from_conservative_july1_next_year; no_forward_fill_added
MTSS,2021,Телеком/холдинги,2021-12-31,2022-07-01,596.0,9.39,-4.48,649.9,,1.78,14.9,41.0,https://smart-lab.ru/q/MTSS/f/y/MSFO/,https://smart-lab.ru/q/shares_fundamental4/?field=market_cap; https://smart-lab.ru/q/shares_fundamental4/?field=p_e; https://smart-lab.ru/q/shares_fundamental4/?field=p_bv ; banks: https://smart-lab.ru/q/shares_fundamental4/?field=p_b; https://smart-lab.ru/q/shares_fundamental4/?field=roe; https://smart-lab.ru/q/shares_fundamental4/?field=debt_ebitda; https://smart-lab.ru/q/shares_fundamental4/?field=div_yield; https://smart-lab.ru/q/shares_fundamental4/?field=free_float,Annual financial/fundamental metrics; debt_equity left blank because cross-company definition was not consistently available in the selected source pages.; uploaded_2019_2022_dataset; available_from_conservative_july1_next_year; no_forward_fill_added
MTSS,2022,Телеком/холдинги,2022-12-31,2023-07-01,470.8,14.5,-2.7,-347.6,,1.88,14.6,41.0,https://smart-lab.ru/q/MTSS/f/y/MSFO/,https://smart-lab.ru/q/shares_fundamental4/?field=market_cap; https://smart-lab.ru/q/shares_fundamental4/?field=p_e; https://smart-lab.ru/q/shares_fundamental4/?field=p_bv ; banks: https://smart-lab.ru/q/shares_fundamental4/?field=p_b; https://smart-lab.ru/q/shares_fundamental4/?field=roe; https://smart-lab.ru/q/shares_fundamental4/?field=debt_ebitda; https://smart-lab.ru/q/shares_fundamental4/?field=div_yield; https://smart-lab.ru/q/shares_fundamental4/?field=free_float,Annual financial/fundamental metrics; debt_equity left blank because cross-company definition was not consistently available in the selected source pages.; uploaded_2019_2022_dataset; available_from_conservative_july1_next_year; no_forward_fill_added
MTSS,2023,Телеком/холдинги,2023-12-31,2024-03-05,496.5,9.1,-2.21,-1069.6,,2.01,14.1,41.0,https://smart-lab.ru/q/MTSS/f/y/MSFO/,market_cap=https://smart-lab.ru/q/shares_fundamental4/?field=market_cap; pe=https://smart-lab.ru/q/shares_fundamental4/?field=p_e; pb=https://smart-lab.ru/q/shares_fundamental4/?field=p_bv ; banks: https://smart-lab.ru/q/shares_fundamental4/?field=p_b; roe=https://smart-lab.ru/q/shares_fundamental4/?field=roe; netdebt_ebitda=https://smart-lab.ru/q/shares_fundamental4/?field=debt_ebitda; dividend_yield=https://smart-lab.ru/q/shares_fundamental4/?field=div_yield; free_float=https://smart-lab.ru/q/shares_fundamental4/?field=free_float; annual_msfo_table=https://smart-lab.ru/q/MTSS/f/y/MSFO/; official_ir_site=https://ir.mts.ru,verified_2026-05-27_from_smartlab_annual_msfo_financial_table; actual_report_publication_date_used_as_available_from; blanks_mean_metric_absent_or_ambiguous_not_imputed; negative_equity_distorts_pb_roe_as_reported
MTSS,2024,Телеком/холдинги,2024-12-31,2025-03-05,417.9,13.3,-1.63,-83.6,,2.3,16.7,41.0,https://smart-lab.ru/q/MTSS/f/y/MSFO/,market_cap=https://smart-lab.ru/q/shares_fundamental4/?field=market_cap; pe=https://smart-lab.ru/q/shares_fundamental4/?field=p_e; pb=https://smart-lab.ru/q/shares_fundamental4/?field=p_bv ; banks: https://smart-lab.ru/q/shares_fundamental4/?field=p_b; roe=https://smart-lab.ru/q/shares_fundamental4/?field=roe; netdebt_ebitda=https://smart-lab.ru/q/shares_fundamental4/?field=debt_ebitda; dividend_yield=https://smart-lab.ru/q/shares_fundamental4/?field=div_yield; free_float=https://smart-lab.ru/q/shares_fundamental4/?field=free_float; annual_msfo_table=https://smart-lab.ru/q/MTSS/f/y/MSFO/; official_ir_site=https://ir.mts.ru,verified_2026-05-27_from_smartlab_annual_msfo_financial_table; actual_report_publication_date_used_as_available_from; blanks_mean_metric_absent_or_ambiguous_not_imputed; negative_equity_distorts_pb_roe_as_reported
RTKM,2019,Телеком/холдинги,2019-12-31,2020-07-01,216.5,10.7,2.59,9.6,,2.0,6.4,29.0,https://smart-lab.ru/q/RTKM/f/y/MSFO/,https://smart-lab.ru/q/shares_fundamental4/?field=market_cap; https://smart-lab.ru/q/shares_fundamental4/?field=p_e; https://smart-lab.ru/q/shares_fundamental4/?field=p_bv ; banks: https://smart-lab.ru/q/shares_fundamental4/?field=p_b; https://smart-lab.ru/q/shares_fundamental4/?field=roe; https://smart-lab.ru/q/shares_fundamental4/?field=debt_ebitda; https://smart-lab.ru/q/shares_fundamental4/?field=div_yield; https://smart-lab.ru/q/shares_fundamental4/?field=free_float,Annual financial/fundamental metrics; debt_equity left blank because cross-company definition was not consistently available in the selected source pages.; uploaded_2019_2022_dataset; available_from_conservative_july1_next_year; no_forward_fill_added
RTKM,2020,Телеком/холдинги,2020-12-31,2021-07-01,335.7,14.4,8.57,12.9,,1.93,5.2,29.0,https://smart-lab.ru/q/RTKM/f/y/MSFO/,https://smart-lab.ru/q/shares_fundamental4/?field=market_cap; https://smart-lab.ru/q/shares_fundamental4/?field=p_e; https://smart-lab.ru/q/shares_fundamental4/?field=p_bv ; banks: https://smart-lab.ru/q/shares_fundamental4/?field=p_b; https://smart-lab.ru/q/shares_fundamental4/?field=roe; https://smart-lab.ru/q/shares_fundamental4/?field=debt_ebitda; https://smart-lab.ru/q/shares_fundamental4/?field=div_yield; https://smart-lab.ru/q/shares_fundamental4/?field=free_float,Annual financial/fundamental metrics; debt_equity left blank because cross-company definition was not consistently available in the selected source pages.; uploaded_2019_2022_dataset; available_from_conservative_july1_next_year; no_forward_fill_added
RTKM,2021,Телеком/холдинги,2021-12-31,2022-07-01,302.3,10.6,7.86,15.2,,1.8,5.2,29.0,https://smart-lab.ru/q/RTKM/f/y/MSFO/,https://smart-lab.ru/q/shares_fundamental4/?field=market_cap; https://smart-lab.ru/q/shares_fundamental4/?field=p_e; https://smart-lab.ru/q/shares_fundamental4/?field=p_bv ; banks: https://smart-lab.ru/q/shares_fundamental4/?field=p_b; https://smart-lab.ru/q/shares_fundamental4/?field=roe; https://smart-lab.ru/q/shares_fundamental4/?field=debt_ebitda; https://smart-lab.ru/q/shares_fundamental4/?field=div_yield; https://smart-lab.ru/q/shares_fundamental4/?field=free_float,Annual financial/fundamental metrics; debt_equity left blank because cross-company definition was not consistently available in the selected source pages.; uploaded_2019_2022_dataset; available_from_conservative_july1_next_year; no_forward_fill_added
RTKM,2022,Телеком/холдинги,2022-12-31,2023-07-01,195.5,6.3,4.11,15.5,,1.6,9.7,29.0,https://smart-lab.ru/q/RTKM/f/y/MSFO/,https://smart-lab.ru/q/shares_fundamental4/?field=market_cap; https://smart-lab.ru/q/shares_fundamental4/?field=p_e; https://smart-lab.ru/q/shares_fundamental4/?field=p_bv ; banks: https://smart-lab.ru/q/shares_fundamental4/?field=p_b; https://smart-lab.ru/q/shares_fundamental4/?field=roe; https://smart-lab.ru/q/shares_fundamental4/?field=debt_ebitda; https://smart-lab.ru/q/shares_fundamental4/?field=div_yield; https://smart-lab.ru/q/shares_fundamental4/?field=free_float,Annual financial/fundamental metrics; debt_equity left blank because cross-company definition was not consistently available in the selected source pages.; uploaded_2019_2022_dataset; available_from_conservative_july1_next_year; no_forward_fill_added
RTKM,2023,Телеком/холдинги,2023-12-31,2024-02-26,237.5,6.9,5.68,15.5,,1.57,8.9,29.0,https://smart-lab.ru/q/RTKM/f/y/MSFO/,market_cap=https://smart-lab.ru/q/shares_fundamental4/?field=market_cap; pe=https://smart-lab.ru/q/shares_fundamental4/?field=p_e; pb=https://smart-lab.ru/q/shares_fundamental4/?field=p_bv ; banks: https://smart-lab.ru/q/shares_fundamental4/?field=p_b; roe=https://smart-lab.ru/q/shares_fundamental4/?field=roe; netdebt_ebitda=https://smart-lab.ru/q/shares_fundamental4/?field=debt_ebitda; dividend_yield=https://smart-lab.ru/q/shares_fundamental4/?field=div_yield; free_float=https://smart-lab.ru/q/shares_fundamental4/?field=free_float; annual_msfo_table=https://smart-lab.ru/q/RTKM/f/y/MSFO/; official_ir_site=https://www.company.rt.ru,verified_2026-05-27_from_smartlab_annual_msfo_financial_table; actual_report_publication_date_used_as_available_from; blanks_mean_metric_absent_or_ambiguous_not_imputed
RTKM,2024,Телеком/холдинги,2024-12-31,2025-02-26,227.7,15.0,58.4,7.0,,1.74,4.1,29.0,https://smart-lab.ru/q/RTKM/f/y/MSFO/,market_cap=https://smart-lab.ru/q/shares_fundamental4/?field=market_cap; pe=https://smart-lab.ru/q/shares_fundamental4/?field=p_e; pb=https://smart-lab.ru/q/shares_fundamental4/?field=p_bv ; banks: https://smart-lab.ru/q/shares_fundamental4/?field=p_b; roe=https://smart-lab.ru/q/shares_fundamental4/?field=roe; netdebt_ebitda=https://smart-lab.ru/q/shares_fundamental4/?field=debt_ebitda; dividend_yield=https://smart-lab.ru/q/shares_fundamental4/?field=div_yield; free_float=https://smart-lab.ru/q/shares_fundamental4/?field=free_float; annual_msfo_table=https://smart-lab.ru/q/RTKM/f/y/MSFO/; official_ir_site=https://www.company.rt.ru,verified_2026-05-27_from_smartlab_annual_msfo_financial_table; actual_report_publication_date_used_as_available_from; blanks_mean_metric_absent_or_ambiguous_not_imputed; low_book_value_distorts_pb_as_reported
AFKS,2019,Телеком/холдинги,2019-12-31,2020-07-01,147.0,2.75,-1.4,129.0,,2.6,0.9,33.0,https://smart-lab.ru/q/AFKS/f/y/MSFO/,https://smart-lab.ru/q/shares_fundamental4/?field=market_cap; https://smart-lab.ru/q/shares_fundamental4/?field=p_e; https://smart-lab.ru/q/shares_fundamental4/?field=p_bv ; banks: https://smart-lab.ru/q/shares_fundamental4/?field=p_b; https://smart-lab.ru/q/shares_fundamental4/?field=roe; https://smart-lab.ru/q/shares_fundamental4/?field=debt_ebitda; https://smart-lab.ru/q/shares_fundamental4/?field=div_yield; https://smart-lab.ru/q/shares_fundamental4/?field=free_float,Annual financial/fundamental metrics; debt_equity left blank because cross-company definition was not consistently available in the selected source pages.; uploaded_2019_2022_dataset; available_from_conservative_july1_next_year; no_forward_fill_added
AFKS,2020,Телеком/холдинги,2020-12-31,2021-07-01,277.9,17.4,-3.02,24.7,,2.58,1.1,33.0,https://smart-lab.ru/q/AFKS/f/y/MSFO/,https://smart-lab.ru/q/shares_fundamental4/?field=market_cap; https://smart-lab.ru/q/shares_fundamental4/?field=p_e; https://smart-lab.ru/q/shares_fundamental4/?field=p_bv ; banks: https://smart-lab.ru/q/shares_fundamental4/?field=p_b; https://smart-lab.ru/q/shares_fundamental4/?field=roe; https://smart-lab.ru/q/shares_fundamental4/?field=debt_ebitda; https://smart-lab.ru/q/shares_fundamental4/?field=div_yield; https://smart-lab.ru/q/shares_fundamental4/?field=free_float,Annual financial/fundamental metrics; debt_equity left blank because cross-company definition was not consistently available in the selected source pages.; uploaded_2019_2022_dataset; available_from_conservative_july1_next_year; no_forward_fill_added
AFKS,2021,Телеком/холдинги,2021-12-31,2022-07-01,226.1,-25.4,-1.57,-10.4,,2.91,0.0,33.0,https://smart-lab.ru/q/AFKS/f/y/MSFO/,https://smart-lab.ru/q/shares_fundamental4/?field=market_cap; https://smart-lab.ru/q/shares_fundamental4/?field=p_e; https://smart-lab.ru/q/shares_fundamental4/?field=p_bv ; banks: https://smart-lab.ru/q/shares_fundamental4/?field=p_b; https://smart-lab.ru/q/shares_fundamental4/?field=roe; https://smart-lab.ru/q/shares_fundamental4/?field=debt_ebitda; https://smart-lab.ru/q/shares_fundamental4/?field=div_yield; https://smart-lab.ru/q/shares_fundamental4/?field=free_float,Annual financial/fundamental metrics; debt_equity left blank because cross-company definition was not consistently available in the selected source pages.; uploaded_2019_2022_dataset; available_from_conservative_july1_next_year; no_forward_fill_added
AFKS,2022,Телеком/холдинги,2022-12-31,2023-07-01,114.5,5.9,-0.74,18.5,,3.41,3.5,33.0,https://smart-lab.ru/q/AFKS/f/y/MSFO/,https://smart-lab.ru/q/shares_fundamental4/?field=market_cap; https://smart-lab.ru/q/shares_fundamental4/?field=p_e; https://smart-lab.ru/q/shares_fundamental4/?field=p_bv ; banks: https://smart-lab.ru/q/shares_fundamental4/?field=p_b; https://smart-lab.ru/q/shares_fundamental4/?field=roe; https://smart-lab.ru/q/shares_fundamental4/?field=debt_ebitda; https://smart-lab.ru/q/shares_fundamental4/?field=div_yield; https://smart-lab.ru/q/shares_fundamental4/?field=free_float,Annual financial/fundamental metrics; debt_equity left blank because cross-company definition was not consistently available in the selected source pages.; uploaded_2019_2022_dataset; available_from_conservative_july1_next_year; no_forward_fill_added
AFKS,2023,Телеком/холдинги,2023-12-31,2024-04-08,154.6,-4.9,-0.81,-47.6,,4.03,3.2,33.0,https://smart-lab.ru/q/AFKS/f/y/MSFO/,market_cap=https://smart-lab.ru/q/shares_fundamental4/?field=market_cap; pe=https://smart-lab.ru/q/shares_fundamental4/?field=p_e; pb=https://smart-lab.ru/q/shares_fundamental4/?field=p_bv ; banks: https://smart-lab.ru/q/shares_fundamental4/?field=p_b; roe=https://smart-lab.ru/q/shares_fundamental4/?field=roe; netdebt_ebitda=https://smart-lab.ru/q/shares_fundamental4/?field=debt_ebitda; dividend_yield=https://smart-lab.ru/q/shares_fundamental4/?field=div_yield; free_float=https://smart-lab.ru/q/shares_fundamental4/?field=free_float; annual_msfo_table=https://smart-lab.ru/q/AFKS/f/y/MSFO/; official_ir_site=https://www.sistema.ru,verified_2026-05-27_from_smartlab_annual_msfo_financial_table; actual_report_publication_date_used_as_available_from; blanks_mean_metric_absent_or_ambiguous_not_imputed; negative_earnings_equity_based_ratios_as_reported
AFKS,2024,Телеком/холдинги,2024-12-31,2025-04-17,146.6,-5.59,-0.48,-237.5,,4.2,0.0,33.0,https://smart-lab.ru/q/AFKS/f/y/MSFO/,market_cap=https://smart-lab.ru/q/shares_fundamental4/?field=market_cap; pe=https://smart-lab.ru/q/shares_fundamental4/?field=p_e; pb=https://smart-lab.ru/q/shares_fundamental4/?field=p_bv ; banks: https://smart-lab.ru/q/shares_fundamental4/?field=p_b; roe=https://smart-lab.ru/q/shares_fundamental4/?field=roe; netdebt_ebitda=https://smart-lab.ru/q/shares_fundamental4/?field=debt_ebitda; dividend_yield=https://smart-lab.ru/q/shares_fundamental4/?field=div_yield; free_float=https://smart-lab.ru/q/shares_fundamental4/?field=free_float; annual_msfo_table=https://smart-lab.ru/q/AFKS/f/y/MSFO/; official_ir_site=https://www.sistema.ru,verified_2026-05-27_from_smartlab_annual_msfo_financial_table; actual_report_publication_date_used_as_available_from; blanks_mean_metric_absent_or_ambiguous_not_imputed; negative_earnings_equity_based_ratios_as_reported
MGNT,2019,Потребление/транспорт,2019-12-31,2020-07-01,349.0,20.4,2.21,9.1,,2.06,8.9,63.4,https://smart-lab.ru/q/MGNT/f/y/MSFO/,https://smart-lab.ru/q/shares_fundamental4/?field=market_cap; https://smart-lab.ru/q/shares_fundamental4/?field=p_e; https://smart-lab.ru/q/shares_fundamental4/?field=p_bv ; banks: https://smart-lab.ru/q/shares_fundamental4/?field=p_b; https://smart-lab.ru/q/shares_fundamental4/?field=roe; https://smart-lab.ru/q/shares_fundamental4/?field=debt_ebitda; https://smart-lab.ru/q/shares_fundamental4/?field=div_yield; https://smart-lab.ru/q/shares_fundamental4/?field=free_float,Annual financial/fundamental metrics; debt_equity left blank because cross-company definition was not consistently available in the selected source pages.; uploaded_2019_2022_dataset; available_from_conservative_july1_next_year; no_forward_fill_added
MGNT,2020,Потребление/транспорт,2020-12-31,2021-07-01,577.6,17.5,3.84,18.0,,1.11,8.7,63.4,https://smart-lab.ru/q/MGNT/f/y/MSFO/,https://smart-lab.ru/q/shares_fundamental4/?field=market_cap; https://smart-lab.ru/q/shares_fundamental4/?field=p_e; https://smart-lab.ru/q/shares_fundamental4/?field=p_bv ; banks: https://smart-lab.ru/q/shares_fundamental4/?field=p_b; https://smart-lab.ru/q/shares_fundamental4/?field=roe; https://smart-lab.ru/q/shares_fundamental4/?field=debt_ebitda; https://smart-lab.ru/q/shares_fundamental4/?field=div_yield; https://smart-lab.ru/q/shares_fundamental4/?field=free_float,Annual financial/fundamental metrics; debt_equity left blank because cross-company definition was not consistently available in the selected source pages.; uploaded_2019_2022_dataset; available_from_conservative_july1_next_year; no_forward_fill_added
MGNT,2021,Потребление/транспорт,2021-12-31,2022-07-01,555.0,10.7,8.23,28.9,,1.48,9.5,63.4,https://smart-lab.ru/q/MGNT/f/y/MSFO/,https://smart-lab.ru/q/shares_fundamental4/?field=market_cap; https://smart-lab.ru/q/shares_fundamental4/?field=p_e; https://smart-lab.ru/q/shares_fundamental4/?field=p_bv ; banks: https://smart-lab.ru/q/shares_fundamental4/?field=p_b; https://smart-lab.ru/q/shares_fundamental4/?field=roe; https://smart-lab.ru/q/shares_fundamental4/?field=debt_ebitda; https://smart-lab.ru/q/shares_fundamental4/?field=div_yield; https://smart-lab.ru/q/shares_fundamental4/?field=free_float,Annual financial/fundamental metrics; debt_equity left blank because cross-company definition was not consistently available in the selected source pages.; uploaded_2019_2022_dataset; available_from_conservative_july1_next_year; no_forward_fill_added
MGNT,2022,Потребление/транспорт,2022-12-31,2023-07-01,443.1,13.0,3.45,16.4,,0.66,5.9,63.4,https://smart-lab.ru/q/MGNT/f/y/MSFO/,https://smart-lab.ru/q/shares_fundamental4/?field=market_cap; https://smart-lab.ru/q/shares_fundamental4/?field=p_e; https://smart-lab.ru/q/shares_fundamental4/?field=p_bv ; banks: https://smart-lab.ru/q/shares_fundamental4/?field=p_b; https://smart-lab.ru/q/shares_fundamental4/?field=roe; https://smart-lab.ru/q/shares_fundamental4/?field=debt_ebitda; https://smart-lab.ru/q/shares_fundamental4/?field=div_yield; https://smart-lab.ru/q/shares_fundamental4/?field=free_float,Annual financial/fundamental metrics; debt_equity left blank because cross-company definition was not consistently available in the selected source pages.; uploaded_2019_2022_dataset; available_from_conservative_july1_next_year; no_forward_fill_added
MGNT,2023,Потребление/транспорт,2023-12-31,2024-05-15,712.2,12.1,10.1,37.0,,0.99,5.9,63.4,https://smart-lab.ru/q/MGNT/f/y/MSFO/,market_cap=https://smart-lab.ru/q/shares_fundamental4/?field=market_cap; pe=https://smart-lab.ru/q/shares_fundamental4/?field=p_e; pb=https://smart-lab.ru/q/shares_fundamental4/?field=p_bv ; banks: https://smart-lab.ru/q/shares_fundamental4/?field=p_b; roe=https://smart-lab.ru/q/shares_fundamental4/?field=roe; netdebt_ebitda=https://smart-lab.ru/q/shares_fundamental4/?field=debt_ebitda; dividend_yield=https://smart-lab.ru/q/shares_fundamental4/?field=div_yield; free_float=https://smart-lab.ru/q/shares_fundamental4/?field=free_float; annual_msfo_table=https://smart-lab.ru/q/MGNT/f/y/MSFO/; official_ir_site=https://ir.magnit.com,verified_2026-05-27_from_smartlab_annual_msfo_financial_table; actual_report_publication_date_used_as_available_from; blanks_mean_metric_absent_or_ambiguous_not_imputed; free_float_carried_from_uploaded_2022_row_due_selected_source_no_year_specific_cell
MGNT,2024,Потребление/транспорт,2024-12-31,2025-04-29,519.7,11.8,9.53,25.3,,1.47,0.0,63.4,https://smart-lab.ru/q/MGNT/f/y/MSFO/,market_cap=https://smart-lab.ru/q/shares_fundamental4/?field=market_cap; pe=https://smart-lab.ru/q/shares_fundamental4/?field=p_e; pb=https://smart-lab.ru/q/shares_fundamental4/?field=p_bv ; banks: https://smart-lab.ru/q/shares_fundamental4/?field=p_b; roe=https://smart-lab.ru/q/shares_fundamental4/?field=roe; netdebt_ebitda=https://smart-lab.ru/q/shares_fundamental4/?field=debt_ebitda; dividend_yield=https://smart-lab.ru/q/shares_fundamental4/?field=div_yield; free_float=https://smart-lab.ru/q/shares_fundamental4/?field=free_float; annual_msfo_table=https://smart-lab.ru/q/MGNT/f/y/MSFO/; official_ir_site=https://ir.magnit.com,verified_2026-05-27_from_smartlab_annual_msfo_financial_table; actual_report_publication_date_used_as_available_from; blanks_mean_metric_absent_or_ambiguous_not_imputed; free_float_carried_from_uploaded_2022_row_due_selected_source_no_year_specific_cell
AFLT,2019,Потребление/транспорт,2019-12-31,2020-07-01,114.9,8.51,-10.5,-798.6,,3.24,0.0,25.0,https://smart-lab.ru/q/AFLT/f/y/MSFO/,https://smart-lab.ru/q/shares_fundamental4/?field=market_cap; https://smart-lab.ru/q/shares_fundamental4/?field=p_e; https://smart-lab.ru/q/shares_fundamental4/?field=p_bv ; banks: https://smart-lab.ru/q/shares_fundamental4/?field=p_b; https://smart-lab.ru/q/shares_fundamental4/?field=roe; https://smart-lab.ru/q/shares_fundamental4/?field=debt_ebitda; https://smart-lab.ru/q/shares_fundamental4/?field=div_yield; https://smart-lab.ru/q/shares_fundamental4/?field=free_float,Annual financial/fundamental metrics; debt_equity left blank because cross-company definition was not consistently available in the selected source pages.; uploaded_2019_2022_dataset; available_from_conservative_july1_next_year; no_forward_fill_added
AFLT,2020,Потребление/транспорт,2020-12-31,2021-07-01,174.6,-1.55,-1.58,104.8,,24.4,0.0,25.0,https://smart-lab.ru/q/AFLT/f/y/MSFO/,https://smart-lab.ru/q/shares_fundamental4/?field=market_cap; https://smart-lab.ru/q/shares_fundamental4/?field=p_e; https://smart-lab.ru/q/shares_fundamental4/?field=p_bv ; banks: https://smart-lab.ru/q/shares_fundamental4/?field=p_b; https://smart-lab.ru/q/shares_fundamental4/?field=roe; https://smart-lab.ru/q/shares_fundamental4/?field=debt_ebitda; https://smart-lab.ru/q/shares_fundamental4/?field=div_yield; https://smart-lab.ru/q/shares_fundamental4/?field=free_float,Annual financial/fundamental metrics; debt_equity left blank because cross-company definition was not consistently available in the selected source pages.; uploaded_2019_2022_dataset; available_from_conservative_july1_next_year; no_forward_fill_added
AFLT,2021,Потребление/транспорт,2021-12-31,2022-07-01,144.1,-4.18,-1.02,24.9,,6.05,0.0,25.0,https://smart-lab.ru/q/AFLT/f/y/MSFO/,https://smart-lab.ru/q/shares_fundamental4/?field=market_cap; https://smart-lab.ru/q/shares_fundamental4/?field=p_e; https://smart-lab.ru/q/shares_fundamental4/?field=p_bv ; banks: https://smart-lab.ru/q/shares_fundamental4/?field=p_b; https://smart-lab.ru/q/shares_fundamental4/?field=roe; https://smart-lab.ru/q/shares_fundamental4/?field=debt_ebitda; https://smart-lab.ru/q/shares_fundamental4/?field=div_yield; https://smart-lab.ru/q/shares_fundamental4/?field=free_float,Annual financial/fundamental metrics; debt_equity left blank because cross-company definition was not consistently available in the selected source pages.; uploaded_2019_2022_dataset; available_from_conservative_july1_next_year; no_forward_fill_added
AFLT,2022,Потребление/транспорт,2022-12-31,2023-07-01,97.7,-2.36,-1.04,45.3,,4.46,0.0,25.0,https://smart-lab.ru/q/AFLT/f/y/MSFO/,https://smart-lab.ru/q/shares_fundamental4/?field=market_cap; https://smart-lab.ru/q/shares_fundamental4/?field=p_e; https://smart-lab.ru/q/shares_fundamental4/?field=p_bv ; banks: https://smart-lab.ru/q/shares_fundamental4/?field=p_b; https://smart-lab.ru/q/shares_fundamental4/?field=roe; https://smart-lab.ru/q/shares_fundamental4/?field=debt_ebitda; https://smart-lab.ru/q/shares_fundamental4/?field=div_yield; https://smart-lab.ru/q/shares_fundamental4/?field=free_float,Annual financial/fundamental metrics; debt_equity left blank because cross-company definition was not consistently available in the selected source pages.; uploaded_2019_2022_dataset; available_from_conservative_july1_next_year; no_forward_fill_added
AFLT,2023,Потребление/транспорт,2023-12-31,2024-03-05,138.9,-135.5,-1.49,1.2,,1.98,0.0,25.0,https://smart-lab.ru/q/AFLT/f/y/MSFO/,market_cap=https://smart-lab.ru/q/shares_fundamental4/?field=market_cap; pe=https://smart-lab.ru/q/shares_fundamental4/?field=p_e; pb=https://smart-lab.ru/q/shares_fundamental4/?field=p_bv ; banks: https://smart-lab.ru/q/shares_fundamental4/?field=p_b; roe=https://smart-lab.ru/q/shares_fundamental4/?field=roe; netdebt_ebitda=https://smart-lab.ru/q/shares_fundamental4/?field=debt_ebitda; dividend_yield=https://smart-lab.ru/q/shares_fundamental4/?field=div_yield; free_float=https://smart-lab.ru/q/shares_fundamental4/?field=free_float; annual_msfo_table=https://smart-lab.ru/q/AFLT/f/y/MSFO/; official_ir_site=https://ir.aeroflot.ru,verified_2026-05-27_from_smartlab_annual_msfo_financial_table; actual_report_publication_date_used_as_available_from; blanks_mean_metric_absent_or_ambiguous_not_imputed; negative_earnings_equity_based_ratios_as_reported
AFLT,2024,Потребление/транспорт,2024-12-31,2025-03-04,234.0,3.64,-3.04,-115.3,,2.79,9.0,25.0,https://smart-lab.ru/q/AFLT/f/y/MSFO/,market_cap=https://smart-lab.ru/q/shares_fundamental4/?field=market_cap; pe=https://smart-lab.ru/q/shares_fundamental4/?field=p_e; pb=https://smart-lab.ru/q/shares_fundamental4/?field=p_bv ; banks: https://smart-lab.ru/q/shares_fundamental4/?field=p_b; roe=https://smart-lab.ru/q/shares_fundamental4/?field=roe; netdebt_ebitda=https://smart-lab.ru/q/shares_fundamental4/?field=debt_ebitda; dividend_yield=https://smart-lab.ru/q/shares_fundamental4/?field=div_yield; free_float=https://smart-lab.ru/q/shares_fundamental4/?field=free_float; annual_msfo_table=https://smart-lab.ru/q/AFLT/f/y/MSFO/; official_ir_site=https://ir.aeroflot.ru,verified_2026-05-27_from_smartlab_annual_msfo_financial_table; actual_report_publication_date_used_as_available_from; blanks_mean_metric_absent_or_ambiguous_not_imputed; negative_equity_distorts_pb_roe_as_reported
PHOR,2019,Химия,2019-12-31,2020-07-01,311.8,8.41,2.52,29.5,,1.66,8.0,26.0,https://smart-lab.ru/q/PHOR/f/y/MSFO/,https://smart-lab.ru/q/shares_fundamental4/?field=market_cap; https://smart-lab.ru/q/shares_fundamental4/?field=p_e; https://smart-lab.ru/q/shares_fundamental4/?field=p_bv ; banks: https://smart-lab.ru/q/shares_fundamental4/?field=p_b; https://smart-lab.ru/q/shares_fundamental4/?field=roe; https://smart-lab.ru/q/shares_fundamental4/?field=debt_ebitda; https://smart-lab.ru/q/shares_fundamental4/?field=div_yield; https://smart-lab.ru/q/shares_fundamental4/?field=free_float,Annual financial/fundamental metrics; debt_equity left blank because cross-company definition was not consistently available in the selected source pages.; uploaded_2019_2022_dataset; available_from_conservative_july1_next_year; no_forward_fill_added
PHOR,2020,Химия,2020-12-31,2021-07-01,406.4,9.37,3.83,40.3,,1.76,9.5,26.0,https://smart-lab.ru/q/PHOR/f/y/MSFO/,https://smart-lab.ru/q/shares_fundamental4/?field=market_cap; https://smart-lab.ru/q/shares_fundamental4/?field=p_e; https://smart-lab.ru/q/shares_fundamental4/?field=p_bv ; banks: https://smart-lab.ru/q/shares_fundamental4/?field=p_b; https://smart-lab.ru/q/shares_fundamental4/?field=roe; https://smart-lab.ru/q/shares_fundamental4/?field=debt_ebitda; https://smart-lab.ru/q/shares_fundamental4/?field=div_yield; https://smart-lab.ru/q/shares_fundamental4/?field=free_float,Annual financial/fundamental metrics; debt_equity left blank because cross-company definition was not consistently available in the selected source pages.; uploaded_2019_2022_dataset; available_from_conservative_july1_next_year; no_forward_fill_added
PHOR,2021,Химия,2021-12-31,2022-07-01,756.0,5.81,4.64,79.1,,0.77,15.2,26.0,https://smart-lab.ru/q/PHOR/f/y/MSFO/,https://smart-lab.ru/q/shares_fundamental4/?field=market_cap; https://smart-lab.ru/q/shares_fundamental4/?field=p_e; https://smart-lab.ru/q/shares_fundamental4/?field=p_bv ; banks: https://smart-lab.ru/q/shares_fundamental4/?field=p_b; https://smart-lab.ru/q/shares_fundamental4/?field=roe; https://smart-lab.ru/q/shares_fundamental4/?field=debt_ebitda; https://smart-lab.ru/q/shares_fundamental4/?field=div_yield; https://smart-lab.ru/q/shares_fundamental4/?field=free_float,Annual financial/fundamental metrics; debt_equity left blank because cross-company definition was not consistently available in the selected source pages.; uploaded_2019_2022_dataset; available_from_conservative_july1_next_year; no_forward_fill_added
PHOR,2022,Химия,2022-12-31,2023-07-01,828.5,4.54,4.24,92.3,,0.69,18.3,26.0,https://smart-lab.ru/q/PHOR/f/y/MSFO/,https://smart-lab.ru/q/shares_fundamental4/?field=market_cap; https://smart-lab.ru/q/shares_fundamental4/?field=p_e; https://smart-lab.ru/q/shares_fundamental4/?field=p_bv ; banks: https://smart-lab.ru/q/shares_fundamental4/?field=p_b; https://smart-lab.ru/q/shares_fundamental4/?field=roe; https://smart-lab.ru/q/shares_fundamental4/?field=debt_ebitda; https://smart-lab.ru/q/shares_fundamental4/?field=div_yield; https://smart-lab.ru/q/shares_fundamental4/?field=free_float,Annual financial/fundamental metrics; debt_equity left blank because cross-company definition was not consistently available in the selected source pages.; uploaded_2019_2022_dataset; available_from_conservative_july1_next_year; no_forward_fill_added
PHOR,2023,Химия,2023-12-31,2024-04-27,853.4,8.2,5.74,68.7,,1.2,12.9,26.0,https://smart-lab.ru/q/PHOR/f/y/MSFO/,market_cap=https://smart-lab.ru/q/shares_fundamental4/?field=market_cap; pe=https://smart-lab.ru/q/shares_fundamental4/?field=p_e; pb=https://smart-lab.ru/q/shares_fundamental4/?field=p_bv ; banks: https://smart-lab.ru/q/shares_fundamental4/?field=p_b; roe=https://smart-lab.ru/q/shares_fundamental4/?field=roe; netdebt_ebitda=https://smart-lab.ru/q/shares_fundamental4/?field=debt_ebitda; dividend_yield=https://smart-lab.ru/q/shares_fundamental4/?field=div_yield; free_float=https://smart-lab.ru/q/shares_fundamental4/?field=free_float; annual_msfo_table=https://smart-lab.ru/q/PHOR/f/y/MSFO/; official_ir_site=https://www.phosagro.ru,verified_2026-05-27_from_smartlab_annual_msfo_financial_table; actual_report_publication_date_used_as_available_from; blanks_mean_metric_absent_or_ambiguous_not_imputed
PHOR,2024,Химия,2024-12-31,2025-02-13,823.7,8.2,5.1,61.0,,1.81,5.4,26.0,https://smart-lab.ru/q/PHOR/f/y/MSFO/,market_cap=https://smart-lab.ru/q/shares_fundamental4/?field=market_cap; pe=https://smart-lab.ru/q/shares_fundamental4/?field=p_e; pb=https://smart-lab.ru/q/shares_fundamental4/?field=p_bv ; banks: https://smart-lab.ru/q/shares_fundamental4/?field=p_b; roe=https://smart-lab.ru/q/shares_fundamental4/?field=roe; netdebt_ebitda=https://smart-lab.ru/q/shares_fundamental4/?field=debt_ebitda; dividend_yield=https://smart-lab.ru/q/shares_fundamental4/?field=div_yield; free_float=https://smart-lab.ru/q/shares_fundamental4/?field=free_float; annual_msfo_table=https://smart-lab.ru/q/PHOR/f/y/MSFO/; official_ir_site=https://www.phosagro.ru,verified_2026-05-27_from_smartlab_annual_msfo_financial_table; actual_report_publication_date_used_as_available_from; blanks_mean_metric_absent_or_ambiguous_not_imputed
